N_cluster	n_traits	study_ids	traits	EFOs	h2s	intercepts	alfa	expected_h2_gip1	expected_rgs
./100	2	NEALE2_5111_raw;NEALE2_5108_raw	3mm asymmetry angle (left);3mm asymmetry angle (right)	EFO_0007814	0.0654;0.0799	1.0103;1.0116	0.584022296248444;0.645526303030933	0.110106342186039	1;1
./101	10	NEALE2_6154_5;SAIGE_530_1;SAIGE_550_2;NEALE2_20002_1474;GCST90038619;NEALE2_20002_1138;NEALE2_20003_1140864752;GCST90038597;GCST90038624;GCST90038691	Omeprazole (e.g. zanprol) | medication for pain relief, constipation, heartburn;Esophagitis, gerd and related diseases;Diaphragmatic hernia;Hiatus hernia | non-cancer illness code, self-reported;Esophageal disorder;Gastro-oesophageal reflux (gord) / gastric reflux | non-cancer illness code, self-reported;Lansoprazole | treatment/medication code;Gastrointestinal or abdominal disease;Gastroesophageal reflux disease or gastric reflux;Hiatus hernia	CHEBI_7772;;EFO_0008561;HP_0002036;EFO_0009544;EFO_0003948;EFO_0007010;EFO_0010282	0.0184;0.0237;0.0263;0.0085;0.0204;0.0108;0.0117;0.0215;0.0105;0.0104	1.0231;1.0307;1.0259;1.0299;1.0106;1.0158;1.0103;1.0084;1.0078;1.0031	0.181033909035144;0.207241974032738;0.216500956416811;0.130669691526436;0.193224804522664;0.145272792302589;0.147733013840141;0.18598544216554;0.135679079742571;0.136206528072249	0.0444491725425761	0.965304970572418;0.973681844692832;0.965596026209296;1.02512996380254;0.978501098875608;1.01108095808287;0.987866257983558;0.917430652624254;0.957705021520457;0.966039263164427
./102	6	GCST90038641;NEALE2_20002_1286;NEALE2_20550_1;NEALE2_20549_3;NEALE2_20425;GCST90038650	Psychological or psychiatric problem;Depression | non-cancer illness code, self-reported;Talking therapies, such as psychotherapy, counselling, group therapy or cbt | activities undertaken to treat anxiety;Medication prescribed to you (for at least two weeks) | substances taken for anxiety;Ever worried more than most people would in similar situation;Depression	MONDO_0002025;EFO_0003761;;EFO_0005230	0.0203;0.0179;0.0395;0.0394;0.0592;0.0162	0.9917;0.9999;0.9938;1.0063;1.0064;0.996	0.203287232294003;0.191995154488448;0.287018611235902;0.290875212823244;0.352838351338492;0.181554413018598	0.0751308758194243	0.971319571016872;0.976930813620302;0.983131397769568;0.99760509468744;0.987222366155357;0.97106736232635
./103	3	NEALE2_5255_raw;GCST004074;NEALE2_5263_raw	Intra-ocular pressure, goldmann-correlated (right);Intraocular pressure;Intra-ocular pressure, goldmann-correlated (left)	EFO_0004695	0.1814;0.1354;0.1877	1.0371;1.0144;1.0309	0.490005725500701;0.423342475885093;0.498442022480608	0.336889416450364	1;1;1
./104	5	GCST003770;GCST006940;GCST005232;GCST005327;NEALE2_20127_raw	Neuroticism;Neurociticism;Neuroticism;Neuroticism;Neuroticism score	EFO_0007660;	0.099;0.1046;0.1074;0.1071;0.113	1.072;1.0294;1.0243;1.1559;1.029	0.232027913275804;0.239462905950851;0.245770978408851;0.246468203597749;0.251544830084048	0.154995969189379	0.9821374202933;0.986102426846152;0.998798954592238;1.00303430272631;0.996611273443381
./105	3	GCST006686;GCST003839;NEALE2_1160	Sleep duration (undersleepers);Sleep duration;Sleep duration	EFO_0005271	0.0483;0.0555;0.0704	1.0064;1.0198;1.0221	0.380164632045121;-0.416658341178765;-0.475243350932022	0.0924146488152111	0.966676541671315;-0.988363328816859;-1.00095085379077
./106	2	NEALE2_6143_4;NEALE2_6162_4	Cycle | transport type for commuting to job workplace;Cycle | types of transport used (excluding work)	""	0.0316;0.0255	1.0141;1.0228	0.644398937432885;0.575434575513186	0.0415060878567183	0.989487073021328;0.983614027355884
./108	3	GCST90038686;NEALE2_20002_1465;GCST005811	Osteoarthritis;Osteoarthritis | non-cancer illness code, self-reported;Osteoarthritis (self-reported)	MONDO_0005178;EFO_0002506	0.0153;0.0195;0.0623	1.0094;1.0229;1.0114	0.291747026935667;0.329529775343878;0.590075808611474	0.0525798239226033	0.998055320525581;0.998553290519128;1.00036313155507
./11	3	NEALE2_6146_3;NEALE2_6146_2;NEALE2_6146_100	Blue badge | attendance/disability/mobility allowance;Disability living allowance | attendance/disability/mobility allowance;None of the above | attendance/disability/mobility allowance	""	0.023;0.0274;0.0329	1.0088;0.9976;1.007	0.336803992532393;0.369822772982707;-0.409972425327903	0.0342585890222865	0.98271508989471;0.988627486948864;-1.00016351978939
./110	6	GCST003498;NEALE2_4990;GCST004364;NEALE2_20016_raw;GCST006250;GCST006572	Verbal-numerical reasoning;Conditional arithmetic | fi6;Intelligence;Fluid intelligence score;Intelligence;Cognitive performance	EFO_0004350;;EFO_0004337;EFO_0008354	0.1985;0.091;0.1869;0.226;0.1805;0.1922	1.0258;1.002;1.0119;1.0389;1.0619;1.0254	0.246543348339235;0.154562029802075;-0.232636388527843;0.265473980773677;0.239952650069826;0.244325021545757	0.339729442216603	0.987737856531911;0.914557006147933;-0.960509492452219;0.996773325204769;1.00812784956141;0.994763676603484
./111	3	NEALE2_30260_raw;GCST90002396;GCST90025975	Mean reticulocyte volume;Mean reticulocyte volume;Mean reticulocyte volume	;EFO_0010701	0.1664;0.2464;0.3939	1.1725;1.2636;1.2201	0.298937531141827;0.363225031183038;0.460258658870419	0.348656021742492	0.999033352729098;0.997542994172679;0.999735657101526
./113	4	GCST90002394;NEALE2_30190_raw;GCST004608;GCST004609	Monocyte percentage of white cells;Monocyte percentage;Granulocyte percentage of myeloid white cells;Monocyte percentage of white cells	EFO_0007989;EFO_0007997	0.2085;0.0998;0.1669;0.1814	1.2622;1.1122;0.9993;1.0127	0.366578211443956;0.252713095788478;-0.318382608628285;0.341464437752261	0.267525171515699	0.997664543162054;0.994107606352786;-0.968483191816178;0.996317499270497
./115	2	NEALE2_20490;NEALE2_20531	Sexually molested as a child;Victim of sexual assault	""	0.0266;0.039	1.0063;0.9959	0.535145678228261;0.657054937845451	0.045551486904227	0.975205840097215;0.988859224507444
./120	5	NEALE2_30010_raw;GCST90002403;GCST90002363;GCST90025964;GCST004601	Red blood cell (erythrocyte) count;Red blood cell count;Red blood cell count;Red blood cell count;Red blood cell count	EFO_0004305;EFO_0007978	0.1906;0.2344;0.2135;0.3943;0.1874	1.2291;1.3341;1.3893;1.3042;1.0141	0.210935754898405;0.235311990220856;0.224315854650269;0.305649687686379;0.211236174854086	0.350291100352134	0.99213468050998;0.998038123131577;0.996880058262254;0.999522201794937;1.00199459466067
./121	3	GCST90002412;GCST000760;GCST000759	Low density lipoprotein cholesterol levels;Cholesterol, total;LDL cholesterol	EFO_0004611;EFO_0004574	0.2203;0.1339;0.1195	1.2224;0.8873;0.9041	0.543502509437923;0.423976255264573;0.407304064994069	0.287078569004914	0.967842119934804;0.968414892579186;0.984793118535537
./122	6	SAIGE_720;SAIGE_721;SAIGE_722;SAIGE_760;FINNGEN_R6_M13_SPINSTENOSIS;FINNGEN_R6_M13_SPONDYLOPATHY	Spinal stenosis;Spondylosis and allied disorders;Intervertebral disc disorders;Back pain;Spinal stenosis;Spondylopathies	EFO_0007490;;HP_0003418;MONDO_0045002	0.0088;0.0098;0.0097;0.0117;0.0217;0.0228	1.0003;1.0091;1.0161;1.0106;1.0516;1.0966	0.237013022015499;0.250939163026957;0.259845432983787;0.270698839887449;0.378078612457566;0.399815012104591	0.0463101163119809	0.966188980512054;0.969363394312696;1.0089285911447;0.957028061217402;0.981484514460872;1.01256493008097
./123	6	FINNGEN_R6_M13_ARTHTROSIS_COX_PRIM_ICD10;SAIGE_740_1;SAIGE_740;FINNGEN_R6_COX_ARTHROSIS;FINNGEN_R6_M13_ARTHTROSIS_COX;GCST007091	"""""Coxarthrosis, primary"""";Osteoarthritis; localized;Osteoarthrosis;Coxarthrosis [arthrosis of hip](FG);""""Coxarthrosis,"""";Osteoarthritis (hip)"	EFO_1000786;EFO_0002506	0.0167;0.0205;0.024;0.0212;0.0261;0.0319	1.069;1.0156;1.0246;1.0737;1.07;0.9867	0.213202201050371;0.232335055297109;0.243942285788308;0.24391104418593;0.269515001762673;0.282928625441008	0.0504748168124812	0.998743497964284;0.98233208283829;0.953239400139482;1.01410763299481;1.00991124252525;0.958963472016886
./124	5	GCST004627;NEALE2_30120_raw;GCST90002316;GCST90002388;GCST90025984	Lymphocyte counts;Lymphocyte count;Lymphocyte counts;Lymphocyte counts;Lymphocyte counts	EFO_0004587	0.174;0.0498;0.1926;0.2103;0.2957	0.997;1.0628;1.3305;1.2901;1.256	0.249185305478837;0.128470788850079;0.260968584818354;0.27378276675523;0.325108498168336	0.299986079058518	0.999491509556518;0.96321009267817;0.994927406434886;0.998890256186852;1.00030851272873
./127	2	NEALE2_1190;GCST011494	Nap during day;Daytime nap	EFO_0009818;EFO_0007828	0.0818;0.0813	1.0317;1.0507	0.519423875491397;0.517832689914902	0.0877048522560427	0.999801205092404;0.99979875113666
./129	2	SAIGE_599;SAIGE_599_4	Other symptoms/disorders or the urinary system;Urinary incontinence	EFO_0009690;HP_0000020	0.0071;0.0118	0.8677;1.0029	0.488622900614439;0.642680016243934	0.011887672056434	0.970030514922906;0.98967943418299
./13	3	NEALE2_20547_1;NEALE2_2100;NEALE2_20499	Talking therapies, such as psychotherapy, counselling, group therapy or cbt | activities undertaken to treat depression;Seen a psychiatrist for nerves, anxiety, tension or depression;Ever sought or received professional help for mental distress	;EFO_0007781	0.0498;0.031;0.0643	1.0021;1.0035;1.0102	0.456476092198201;0.346126809013484;0.524470455585333	0.084983444106618	0.988502823682307;0.950011671363263;0.999516784165613
./130	2	NEALE2_6154_2;NEALE2_20003_1140871310	Ibuprofen (e.g. nurofen) | medication for pain relief, constipation, heartburn;Ibuprofen | treatment/medication code	CHEBI_5855	0.0207;0.0156	1.0011;1.0029	0.555250926982949;0.48186541891548	0.0195979556153672	0.999575296644733;0.999251608559492
./132	3	GCST90000027;GCST90000025;GCST90000026	Appendicular lean mass;Appendicular lean mass;Appendicular lean mass	EFO_0004980	0.3704;0.3359;0.351	1.2736;1.5064;1.2104	0.41497357635208;0.401185302556349;0.402307192175422	0.510935346329233	0.984599026421878;0.999572868805074;0.980570188868812
./133	4	GCST90007526;GCST90007530;GCST90007527;GCST90007529	Low hand grip strength (60 years and older) (EWGSOP);Low hand grip strength (60 years and older) (FNIH);Low hand grip strength (60 years and older) (EWGSOP);Low hand grip strength (60 years and older) (FNIH)	EFO_0006941	0.0431;0.0282;0.0604;0.0208	0.991;1.0199;0.9909;1.0374	0.323669424777262;0.262642871073323;0.386379420979842;0.227325733093973	0.0567130280803102	0.99085494124244;0.994003930367348;0.999177294728637;1.00176065726998
./134	10	FINNGEN_R6_E4_OBESITY_HYPER;SAIGE_278;NEALE2_23104_raw;NEALE2_20536_1;NEALE2_21001_raw;SAIGE_278_1;GCST002783;FINNGEN_R6_E4_NUTRIDEF;FINNGEN_R6_E4_OBESITY;GCST90025994	Obesity and other hyperalimentation;Overweight, obesity and other hyperalimentation;Body mass index (bmi);Gained weight | weight change during worst episode of depression;Body mass index (bmi);Obesity;Body mass index;Other nutritional deficiencies;Obesity;Body mass index	EFO_0001073;EFO_0004340;;EFO_1001067	0.0272;0.0242;0.2278;0.0566;0.2276;0.0238;0.1327;0.0229;0.0269;0.2847	1.0777;1.0075;1.1201;1.0003;1.1223;1.0078;0.7096;1.0743;1.0735;1.1828	0.0943951043842993;0.0823358762056143;0.268399245865913;0.112971821009784;0.268391567875799;0.0820086858961623;0.198244835498504;0.0868121040711921;0.0939707491188366;0.300267828967459	0.331516222558014	1.01374600971581;0.93744450406655;0.996021171901173;0.841058205842693;0.996430189653466;0.941532927863942;0.963896846806577;1.01607713845149;1.01480053547739;0.996733853420284
./137	5	GCST004600;GCST90002382;NEALE2_30210_raw;GCST004623;GCST004617	Eosinophil percentage of white cells;Eosinophil percentage of white cells;Eosinophill percentage;Neutrophil percentage of granulocytes;Eosinophil percentage of granulocytes	EFO_0007991;EFO_0007994;EFO_0007996	0.1627;0.1867;0.1331;0.1487;0.1593	0.997;1.2457;1.1385;0.9897;0.9932	0.250661890243945;0.26814038251831;0.224359680851643;-0.236982708001598;0.247679697456425	0.235022907389507	0.995676128936565;0.99429127139579;0.985324648544927;-0.984656460790356;0.994273997695976
./139	5	SAIGE_454;FINNGEN_R6_I9_DISVEINLYMPH;FINNGEN_R6_FG_DISVEINLYMPH;FINNGEN_R6_I9_VARICVE;SAIGE_454_1	"Varicose veins;""""Diseases of veins, lymphatic vessels and lymph nodes, not elsewhere classified"""";""""Diseases of veins, lymphatic vessels and lymph nodes, not elsewhere classified (FINNGEN)"""";Varicose veins;Varicose veins of lower extremity"	HP_0002619;MONDO_0004634, EFO_0007352;	0.0257;0.0247;0.0391;0.0288;0.0257	1.0263;1.1596;1.0994;1.1635;1.0285	0.274649177900202;0.270107478853428;0.331025975858685;0.288881033107523;0.275808162867071	0.058969376599945	0.996501801571435;0.999664981929252;0.973733344647155;0.9901229591951;1.00070691376696
./141	3	GCST90007528;NEALE2_47_raw;NEALE2_46_raw	Low hand grip strength (60 years and older) (EWGSOP);Hand grip strength (right);Hand grip strength (left)	EFO_0006941	0.0337;0.1148;0.1149	1.0198;1.0712;1.0628	0.255465732485387;-0.489410535041926;-0.490057271654734	0.140464841332548	0.9570874095311;-0.993427710655262;-0.9943075194774
./145	2	SAIGE_594_1;SAIGE_594	Calculus of kidney;Urinary calculus	EFO_0004253;MONDO_0004828	0.0089;0.0129	1.002;1.0026	0.500315942449558;0.605171111691669	0.0132791148485626	0.991212856707102;0.995866036751669
./149	2	NEALE2_20508;NEALE2_20514	Recent trouble concentrating on things;Recent lack of interest or pleasure in doing things	""	0.0386;0.039	0.9974;0.9992	0.586335739695491;0.589512087861682	0.0524148326571554	0.988335513263354;0.988580631163745
./15	3	NEALE2_4260;NEALE2_4282;NEALE2_4283	Round of numeric memory test;Maximum digits remembered correctly;Number of rounds of numeric memory test performed	""	0.0961;0.119;0.0962	1.0121;1.0175;1.0119	0.343935043097342;0.38272621870826;0.344113943001818	0.119285514820422	1;1;1
./150	4	NEALE2_2764_raw;NEALE2_2754_raw;GCST90000050;GCST90000048	Age at last live birth;Age at first live birth;Age at first birth;Age at first birth	EFO_0009440;EFO_0009101	0.0913;0.1698;0.0546;0.0718	1.0178;1.0359;1.0315;1.042	0.299045887633462;0.419874685518847;0.234964956778408;0.269882988197509	0.146202582150488	0.961034409877772;0.989435163609159;0.976434838115902;0.978024603315643
./153	2	NEALE2_3799;FINNGEN_R6_MIGRAINE_TRIPTAN	"Headaches for 3+ months;""""Migraine, single triptan purchase ok & required. ICD-code if available is included"""""	HP_0002315;EFO_0003821	0.0555;0.0167	1.0048;1.1044	0.862135049489719;0.472919307964448	0.0698123110121841	1;1
./155	2	SAIGE_351;FINNGEN_R6_G6_CARPTU	Other peripheral nerve disorders;Carpal tunnel syndrome	EFO_0009387;EFO_0004143	0.0182;0.0225	1.0114;1.0974	0.647408981315935;0.719837197501045	0.0381482719857841	1;1
./157	2	NEALE2_102_raw;NEALE2_4194_raw	Pulse rate, automated reading;Pulse rate	EFO_0008111;EFO_0004326	0.1411;0.1266	1.0731;1.0232	0.59742686329113;0.565897913562871	0.181275546097526	1;1
./16	3	GCST90000294;GCST90000293;GCST90000292	Myocardial fractal dimension (slice 8);Myocardial fractal dimension (slice 7);Myocardial fractal dimension (slice 6)	EFO_0008205	0.2005;0.2168;0.2163	1.0011;1.0049;1.0097	0.362350155602153;0.384373771334258;0.381491977870073	0.263280919146411	0.977967748261322;0.99764808899515;0.991312127408207
./160	4	NEALE2_20151_raw;NEALE2_3063_raw;NEALE2_20150_raw;NEALE2_3062_raw	Forced vital capacity (fvc), best measure;Forced expiratory volume in 1-second (fev1);Forced expiratory volume in 1-second (fev1), best measure;Forced vital capacity (fvc)	EFO_0004312;EFO_0004314	0.2187;0.1759;0.1982;0.1753	1.1438;1.1236;1.1169;1.1432	0.293798232465647;0.263257752084599;0.278649334532456;0.262506781021801	0.222844733969409	0.98144084533946;0.980590293668662;0.977789853638147;0.979464973019576
./161	2	NEALE2_6159_3;NEALE2_6159_100	Neck or shoulder pain | pain type(s) experienced in last month;None of the above | pain type(s) experienced in last month	HP_0030833, HP_0030834;	0.0324;0.0534	1.0204;1.0299	0.512455071594587;-0.674397627873127	0.0588952171374704	0.963049023679988;-0.98721219231111
./162	2	GCST006950;NEALE2_1980	Feeling worry;Worrier / anxious feelings	EFO_0009589;	0.072;0.0758	1.0165;1.0113	0.511342083491265;0.524846968366176	0.0788236860822914	0.996441691823612;0.996792340465967
./163	3	NEALE2_93_raw;NEALE2_4080_raw;GCST90025968	Systolic blood pressure, manual reading;Systolic blood pressure, automated reading;Systolic blood pressure	EFO_0006335	0.1296;0.1337;0.2411	1.0061;1.096;1.1917	0.386282639329854;0.412365463302108;0.538867746953653	0.295495344212828	0.956766542554683;1.00558751293186;0.978558685003657
./164	3	GCST90025976;NEALE2_30270_raw;GCST90002397	Mean sphered cell volume;Mean sphered cell volume;Mean spheric corpuscular volume	EFO_0004526;	0.4105;0.1743;0.3078	1.2491;1.1857;1.3459	0.457153947308512;0.295457470290763;0.394468865047654	0.401853993446141	1.00093711607602;0.992766655662696;0.997422872938749
./165	2	SAIGE_530_12;GCST90000515	Ulcer of esophagus;Barrett's esophagus	MONDO_0044782;EFO_0000280	0.0085;0.3095	1.0056;0.8954	0.154988562087867;0.947261865411785	0.292778785404058	0.987293840594068;0.999990717480534
./166	2	NEALE2_6143_1;NEALE2_6143_3	Car/motor vehicle | transport type for commuting to job workplace;Public transport | transport type for commuting to job workplace	""	0.025;0.0309	1.0166;1.0148	0.561350657612495;-0.629159973896183	0.0383420491300194	0.977819419653711;-0.985771533672291
./168	2	NEALE2_2724;NEALE2_3581_raw	Had menopause;Age at menopause (last menstrual period)	EFO_0003922;EFO_0004704	0.0385;0.116	1.0073;1.008	0.487836055644319;-0.8467837699683	0.147551636006458	1;-1
./169	2	GCST90013405;GCST90025979	Liver enzyme levels (alanine transaminase);Alanine aminotransferase levels	EFO_0004735	0.1182;0.2088	1.1197;1.1179	0.443220143629808;0.599979087490469	0.176738011278185	0.974033248012274;0.992050763318379
./17	10	GCST006867;NEALE2_20111_9;NEALE2_2443;FINNGEN_R6_E4_DM2NASCOMP;NEALE2_20110_9;FINNGEN_R6_T2D_WIDE;GCST005047;GCST005413;NEALE2_20003_1140874744;NEALE2_20107_9	"Type 2 diabetes;Diabetes | illnesses of siblings;Diabetes diagnosed by doctor;Type 2 diabetes with other specified/multiple/unspecified complications;Diabetes | illnesses of mother;""""Type 2 diabetes, wide definition"""";Type 2 diabetes;Type 2 diabetes;Gliclazide | treatment/medication code;Diabetes | illnesses of father"	MONDO_0005148;EFO_0000400;EFO_0001360, EFO_0009518;EFO_0001360;EFO_0007010	0.0449;0.0203;0.0435;0.0424;0.0201;0.0264;0.0984;0.0999;0.0103;0.0173	1.0649;1.0086;1.0451;1.2207;1.0144;1.1527;0.9576;1.0029;1.0199;1.0271	0.227377381854616;0.139214715992862;0.220564356244806;0.230507148699282;0.148150686808792;0.182105935163785;0.338140837924483;0.340480399120915;0.112942826689824;0.130151139262063	0.19779887845075	0.978076976242074;0.890606933024175;0.96391701627882;1.02035292834474;0.952477192920287;1.02157694191627;0.982537240471217;0.981879778798588;1.01435269026843;0.901932148644015
./177	3	NEALE2_5084_raw;NEALE2_6147_1;NEALE2_5085_raw	Spherical power (right);For short-sightedness, i.e. only or mainly for distance viewing such as driving, cinema etc (called 'myopia') | reason for glasses/contact lenses;Spherical power (left)	EFO_0007814;HP_0000545	0.2692;0.0261;0.2687	1.0527;1.0724;1.0544	0.483995110400693;-0.140675729530675;0.483274293419082	0.273300436415121	1.00014827853353;-0.933597903435607;0.999587477277805
./18	10	FINNGEN_R6_I9_HEARTFAIL_AND_OVERWEIGHT;FINNGEN_R6_I9_CVD;FINNGEN_R6_FG_CVD;FINNGEN_R6_FG_OTHHEART;FINNGEN_R6_I9_HEARTFAIL_AND_ANTIHYPERT;FINNGEN_R6_RX_ANTIHYP;FINNGEN_R6_FG_DOAAC;FINNGEN_R6_I9_HYPTENSESS;FINNGEN_R6_FG_HYPERTENSION;FINNGEN_R6_FG_CEREBVASC	"Heart failure and bmi 25plus;Cardiovascular diseases;Cardiovascular diseases (excluding rheumatic etc);Other heart diseases;Heart failure and antihypertensive medication;Antihypertensive medication - note that there are other indications;""""Diseases of arteries, arterioles and capillaries (FINNGEN)"""";""""Hypertension, essential"""";Hypertensive diseases (excluding secondary);Cerebrovascular diseases (FINNGEN)"	EFO_0005935, EFO_0003144, EFO_0007041;EFO_0000319;EFO_0003777;EFO_0000537, GO_0042493, EFO_0003144;EFO_0000537, GO_0042493;EFO_0004264;EFO_1002032;EFO_0000537;EFO_0003763	0.0132;0.0233;0.027;0.0286;0.0499;0.0475;0.0286;0.0453;0.0591;0.0253	1.0562;1.1274;1.1275;1.0736;1.0543;1.2343;1.0221;1.1876;1.1817;1.0168	0.0922307162543547;0.122722717305024;0.132038681393159;0.13452585023837;0.179399316233268;0.174537289771524;0.132930969523675;0.170352305553193;0.193332355758828;0.126660029453251	0.0766511684489706	1.00178632902637;1.00330617985836;1.00278027238013;0.992679867441589;1.00220599351947;0.999373681536108;0.98091108119238;0.998815790772084;0.992424066444862;0.993724069258241
./180	2	NEALE2_23107_raw;NEALE2_23108_raw	Impedance of leg (right);Impedance of leg (left)	""	0.2171;0.2201	1.1639;1.1523	0.509358801599036;0.512875900163531	0.228111998162225	0.999290094938578;0.999309348567648
./181	2	NEALE2_24004_raw;NEALE2_24003_raw	Nitrogen oxides air pollution; 2010;Nitrogen dioxide air pollution; 2010	EFO_0007908	0.0135;0.0157	1.0212;1.0331	0.494194359099499;0.534020044974981	0.0152580649648653	0.99241244732887;0.994418135156517
./182	3	SAIGE_172;GCST90013410;SAIGE_172_2	Skin cancer;Basal cell carcinoma;Other non-epithelial cancer of skin	MONDO_0002898;EFO_0004193;EFO_0009259	0.0182;0.035;0.0192	1.0182;1.0299;1.0122	0.341018784316294;0.478171627409053;0.35524692257582	0.0336425030934182	0.984089657579836;0.99504298187634;0.998094746676088
./189	3	GCST90038697;GCST90038653;FINNGEN_R6_M13_INTERVERTEB	Disc problem;Back problem;Other intervertebral disc disorders	MONDO_0045002;MONDO_0000812;EFO_0009477	0.0074;0.0143;0.0289	1.009;1.0049;1.089	0.341171507155744;0.467225067524424;0.673770043580738	0.0393867839082161	0.998022895995875;0.983199677162591;0.997347232998091
./19	3	NEALE2_6138_3;NEALE2_6138_2;NEALE2_5556	O levels/gcses or equivalent | qualifications;A levels/as levels or equivalent | qualifications;Concept interpolation | fi9	EFO_0004784;	0.0445;0.0905;0.1557	1.02;1.0507;1.0067	0.321892617111621;0.4893237130034;0.64080618783777	0.21298538383521	0.934363721545937;0.995994477307442;0.994414270069406
./193	2	NEALE2_1873;NEALE2_1883	Number of full brothers;Number of full sisters	EFO_0009713	0.015;0.0162	1.0119;1.0129	0.667687815455547;0.693881531978208	0.0289310922990406	1;1
./196	3	SAIGE_728_7;SAIGE_728;SAIGE_728_71	Fasciitis;Disorders of muscle, ligament, and fascia;Contracture of palmar fascia [dupuytren's disease]	HP_0100537;;EFO_1000438	0.0187;0.0168;0.0206	0.9931;1.0035;0.9886	0.346121192492396;0.326888117898878;0.362323470684561	0.0200336985904342	1.0008868399797;0.997291424728165;0.99825259670526
./199	2	FINNGEN_R6_O15_PREG_ABORT;FINNGEN_R6_O15_ABORT_MEDICAL	Pregnancy with abortive outcome;Medical abortion	EFO_1001491	0.0233;0.0341	1.0312;1.0428	0.479862695243662;0.580518705245873	0.0325613079547016	1;1
./2	8	NEALE2_5098_raw;NEALE2_5134_raw;NEALE2_5097_raw;NEALE2_5135_raw;NEALE2_5132_raw;NEALE2_5099_raw;NEALE2_5096_raw;NEALE2_5133_raw	6mm weak meridian (right);6mm strong meridian (left);6mm weak meridian (left);3mm strong meridian (left);3mm strong meridian (right);3mm weak meridian (right);3mm weak meridian (left);6mm strong meridian (right)	EFO_0007814	0.3679;0.3644;0.3745;0.333;0.3359;0.3487;0.35;0.3633	1.0637;1.0655;1.0593;1.0568;1.0617;1.0604;1.0563;1.0653	0.139204666998861;0.138295763880463;0.140341109509999;0.131776407677464;0.132335512040925;0.135251161708765;0.135397976037975;0.138414128010921	0.41699876678101	0.995578457465781;0.993816681425185;0.994822464033302;0.990608696433576;0.990508003437377;0.993577205049616;0.992806790933012;0.996171955043753
./20	10	NEALE2_6177_2;FINNGEN_R6_I9_HYPTENS;SAIGE_401_1;NEALE2_20003_1140879802;NEALE2_6150_4;NEALE2_20003_1140866738;NEALE2_20003_1140860696;NEALE2_6153_2;NEALE2_20003_1141194794;NEALE2_20003_1140860806	Blood pressure medication | medication for cholesterol, blood pressure or diabetes;Hypertension;Essential hypertension;Amlodipine | treatment/medication code;High blood pressure | vascular/heart problems diagnosed by doctor;Atenolol | treatment/medication code;Lisinopril | treatment/medication code;Blood pressure medication | medication for cholesterol, blood pressure, diabetes, or take exogenous hormones;Bendroflumethiazide | treatment/medication code;Ramipril | treatment/medication code	;EFO_0000537;EFO_0007010;EFO_0004325;CHEBI_43755	0.1126;0.0503;0.0741;0.0225;0.1188;0.0162;0.0131;0.1098;0.0303;0.0171	1.0413;1.2326;1.1033;1.0097;1.0773;1.0232;1.0136;1.0362;1.021;1.0152	0.265803274867707;0.184107757382093;0.21453647322561;0.117432354532123;0.275127342771514;0.10393713866026;0.0916949267435849;0.263963332124835;0.13720030673199;0.100907084793766	0.196046645491664	0.979819288141455;1.01541353408091;0.974870402615002;0.968392376476689;0.987371041442197;1.01010867693894;0.990979139133693;0.985365345120039;0.974964090775545;0.954505547213534
./203	3	FINNGEN_R6_H7_CATARACTSENILE;SAIGE_366;FINNGEN_R6_H7_LENS	Senile cataract;Cataract;Disorders of lens	HP_0011141;EFO_0001059;EFO_0009674	0.0167;0.0152;0.019	1.0464;1.0158;1.0364	0.43753383174392;0.41742186902704;0.466691837219738	0.029699037406935	1;1;1
./204	2	GCST007431;GCST90025978	Lung function (FEV1/FVC);Lung function (FEV1/FVC)	EFO_0004713	0.1912;0.2983	1.0435;1.203	0.484981715171416;0.605849974591877	0.294722775533283	0.999777136430407;0.999908469520354
./205	2	GCST004772;GCST005345	Bone mineral density (paediatric, total body less head);Total body bone mineral density (age 0-15)	EFO_0003923	0.4256;0.3489	0.9769;0.9692	0.554020858381388;-0.501621093882405	0.432606914429134	1;-1
./206	5	GCST90025951;GCST004603;GCST90002402;NEALE2_30080_raw;GCST90002357	Platelet count;Platelet count;Platelet count;Platelet count;Platelet count	EFO_0004309	0.5503;0.2405;0.2785;0.2354;0.2654	1.3168;0.9948;1.315;1.2176;1.3881	0.325116368778744;0.215412608184815;0.231054749542363;0.210931642995905;0.225120913077458	0.469783621747764	0.999104087587579;1.00134846244321;0.998099773510071;0.991083310341364;0.996178212087618
./207	9	SAIGE_244_4;NEALE2_20002_1226;FINNGEN_R6_HYPOTHYROIDISM;GCST90038635;NEALE2_20003_1141191044;FINNGEN_R6_HYPOTHY_PURCHASE;FINNGEN_R6_HYPOTHY_LEVOTHY;SAIGE_244;GCST90038637	"Hypothyroidism nos;Hypothyroidism/myxoedema | non-cancer illness code, self-reported;Hypothyroidism (congenital or acquired);Thyroid problem (not cancer);Levothyroxine sodium | treatment/medication code;Hypothyroidism and >3 levothyroxin purchases;""""Hypothyroidism, levothyroxin purchases"""";Hypothyroidism;Hypothyroidism or myxedema"	;EFO_1001055, HP_0000836;EFO_0004705;EFO_1000627;EFO_0007010	0.0288;0.0453;0.0752;0.0436;0.0335;0.0746;0.0746;0.028;0.0461	1.0299;1.0591;1.0633;1.0601;1.0394;1.0598;1.0598;1.0282;1.0555	0.133067512833019;0.166721057441748;0.212735333580975;0.157996209081249;0.14381499265697;0.212240868969323;0.212240868969323;0.131301581471949;0.161576435577674	0.118855196779051	1.00177880492133;1.00077719035516;0.991121167552058;0.966717243659666;1.00387075659693;0.992786000787465;0.992786000787465;1.00250600925317;0.961443137166842
./209	2	NEALE2_2030;GCST006945	Guilty feelings;Feeling guilty	;EFO_0009595	0.0508;0.0486	1.0038;1.0105	0.524898644619715;0.513352130820162	0.0534529379526456	0.998851998483872;0.998745377026301
./211	3	SAIGE_459_9;SAIGE_418;SAIGE_459	Circulatory disease nec;Nonspecific chest pain;Other disorders of circulatory system	EFO_0000319;HP_0100749	0.0091;0.0221;0.0091	1.018;1.0191;1.0167	0.369334319556537;0.576754332852087;0.368322674945384	0.0239566750868113	0.990972275136627;0.993018327355584;0.988257900357841
./212	5	NEALE2_24007_raw;NEALE2_24016_raw;NEALE2_24017_raw;NEALE2_24018_raw;NEALE2_24019_raw	Particulate matter air pollution (pm2.5) absorbance; 2010;Nitrogen dioxide air pollution; 2005;Nitrogen dioxide air pollution; 2006;Nitrogen dioxide air pollution; 2007;Particulate matter air pollution (pm10); 2007	EFO_0008255;EFO_0007908	0.0097;0.0214;0.0203;0.0231;0.0195	1.0381;1.0577;1.0505;1.0761;1.1526	0.162753253278101;0.241549620902692;0.234109755645108;0.250717244390153;0.225323972049362	0.0234263829106621	0.998639697332754;0.997848222675298;0.99297086804232;0.996880797576112;0.97511336133633
./213	2	NEALE2_5264_raw;NEALE2_5256_raw	Corneal hysteresis (left);Corneal hysteresis (right)	""	0.1126;0.1348	1.0179;1.024	0.588266313968428;0.648199298360655	0.182720364532849	0.978013865158479;0.984926533971442
./215	2	NEALE2_20485;NEALE2_20479	Ever contemplated self-harm;Ever thought that life not worth living	HP_0100716;	0.0427;0.0739	1.0212;1.0075	0.491941286805765;0.65349657780988	0.0767434176417251	0.985716976254341;0.995345825341385
./216	2	GCST004695;NEALE2_1200	Insomnia complaints;Sleeplessness / insomnia	EFO_0004698	0.0471;0.0637	1.0039;1.0134	0.558659708033307;0.653980567730929	0.0802829863044154	0.985914977254334;0.992424998753083
./217	2	GCST005314;NEALE2_2744	Offspring birth weight;Birth weight of first child	EFO_0004344, EFO_0005939;EFO_0004344	0.0851;0.103	1.0096;1.0342	0.578890873055245;0.636869623075673	0.139328972980175	1;1
./219	2	NEALE2_41231_1;SAIGE_564_9	General episode | hospital episode type;Personal history of diseases of digestive system	;EFO_0000405	0.0191;0.0097	1.1032;1.0066	0.781743768076706;0.54365587031753	0.025300356088064	0.992326566660641;0.968378389322234
./222	3	NEALE2_1960;GCST006475;GCST006947	Fed-up feelings;Depressed affect;Feeling fed-up	EFO_0009588;EFO_0003761, EFO_0004247	0.0693;0.0876;0.0641	1.0253;1.0368;1.0286	0.356787403445267;0.398409685914526;0.344553548171443	0.0874753008467585	0.9903859545082;0.983647317797459;0.994464509846934
./223	2	NEALE2_399_raw;GCST003497	Number of incorrect matches in round;Memory performance	EFO_0008354;EFO_0004874	0.0571;0.0428	1.014;0.9989	0.648460468705461;0.561161376831007	0.073351632214532	0.999412792476954;0.998953654384106
./224	2	SAIGE_960;SAIGE_960_2	Poisoning by antibiotics;Allergy/adverse effect of penicillin	EFO_0008546	0.0117;0.0101	1.0148;1.0117	0.528932457113713;0.491437138627538	0.0113639041179548	1;1
./229	3	NEALE2_20002_1265;GCST90038638;GCST90038646	Migraine | non-cancer illness code, self-reported;Neurological disease;Migraine	EFO_0003821;EFO_0000618;MONDO_0005277	0.0172;0.0126;0.018	1.0097;0.9973;1.0014	0.403010588016452;0.336720786548662;0.405454532505517	0.0207779755668384	1.00626391764545;0.982300402610666;0.989613416498294
./23	5	NEALE2_22501_raw;NEALE2_6138_6;NEALE2_6138_1;NEALE2_6138_100;GCST003496	Year ended full time education;Other professional qualifications eg: nursing, teaching | qualifications;College or university degree | qualifications;None of the above | qualifications;Educational attainment	EFO_0004784;	0.1454;0.0433;0.1609;0.1026;0.1524	1.0405;1.0215;1.1094;1.0611;1.0343	0.344085874556185;0.174132945902401;0.364123379176464;-0.291064723483083;0.353175504689899	0.29025555390754	0.990627405992569;0.918676689585535;0.996543452484371;-0.99756588863989;0.993170448132808
./232	9	GCST90002385;GCST004622;GCST004611;GCST90002405;GCST004612;GCST90002406;GCST90025972;GCST90025970;GCST90002386	High light scatter reticulocyte count;Reticulocyte count;High light scatter reticulocyte count;Reticulocyte count;High light scatter reticulocyte percentage of red cells;Reticulocyte fraction of red cells;Reticulocyte count;High light scatter reticulocyte count;High light scatter reticulocyte percentage of red cells	EFO_0007986;EFO_0010700	0.22;0.1762;0.1756;0.2127;0.1772;0.2097;0.3658;0.3884;0.2185	1.2759;1.0142;1.009;1.274;1.0034;1.2531;1.2282;1.241;1.2623	0.134320362847063;0.119484282261544;0.119043303939485;0.130432229283663;0.11753900535281;0.129369252789721;0.171350190039758;0.178437155870101;0.132364784531598	0.360972169154625	0.995831225378078;0.989835558314692;0.987865776534618;0.983459310444387;0.970969026965135;0.98239711533068;0.985185392558471;0.99563672080905;0.984695516264272
./236	2	NEALE2_20497;NEALE2_20498	Repeated disturbing thoughts of stressful experience in past month;Felt very upset when reminded of stressful experience in past month	EFO_0007781	0.0489;0.052	0.9919;0.9939	0.546256930804204;0.564403661406555	0.0603968205689607	0.98401318744951;0.985931037727385
./237	4	GCST90025950;NEALE2_30130_raw;GCST90002340;GCST004625	Monocyte count;Monocyte count;Monocyte count;Monocyte count	EFO_0005091	0.3511;0.0997;0.2255;0.1975	1.2814;1.1227;1.3608;1.0306	0.412710636534063;0.217250929743615;0.329760267846007;0.309982936468872	0.367140177479169	0.999226979278408;0.9870700373073;0.996228492446904;1.00066369275498
./238	4	NEALE2_50_raw;GCST90025949;NEALE2_20153_raw;NEALE2_1697	Standing height;Height;Forced expiratory volume in 1-second (fev1), predicted;Comparative height size at age 10	EFO_0004339;EFO_0004314	0.422;0.8137;0.4144;0.2192	1.4585;1.6424;1.1344;1.2009	0.317409364729366;0.440740716846489;0.31270964373457;0.212193463014217	0.798455553488983	0.997237889395563;0.997209199162234;0.991440514102229;0.925011189282446
./24	2	FINNGEN_R6_K11_HERING;SAIGE_550_1	Inguinal hernia;Inguinal hernia	HP_0000023	0.0272;0.0236	1.0717;1.0023	0.712452608633672;0.663632322606897	0.0481582262212035	1;1
./242	7	NEALE2_6152_8;GCST90014325;GCST90038616;GCST90038596;NEALE2_22127;NEALE2_20002_1111;NEALE2_20003_1140861998	Asthma | blood clot, dvt, bronchitis, emphysema, asthma, rhinitis, eczema, allergy diagnosed by doctor;Asthma;Asthma;Respiratory or ear-nose-throat disease;Doctor diagnosed asthma;Asthma | non-cancer illness code, self-reported;Ventolin 100micrograms inhaler | treatment/medication code	EFO_0000270;MONDO_0004979;MONDO_0024623;EFO_0007010	0.0509;0.0443;0.048;0.0376;0.0623;0.0517;0.0164	1.0569;0.9763;1.0737;1.0445;1.0052;1.0564;1.0141	0.199993858390874;0.187229706066969;0.19573234746096;0.172134271908148;0.220630730288829;0.201892251033132;0.113967928367014	0.0755855630523887	0.993037281281464;0.996507743541386;1.00080570295176;0.994446010636248;0.990215601401807;0.994677202356258;0.996938838419335
./244	2	NEALE2_1448_3;NEALE2_1448_1	Wholemeal or wholegrain | bread type;White | bread type	EFO_0008111	0.047;0.0581	1.0368;1.0275	0.521725765358151;-0.582066983347427	0.0632161330855891	0.990298881476181;-0.993705816531429
./249	2	NEALE2_2000;GCST006946	Worry too long after embarrassment;Worry too long after an embarrassing experience	EFO_0009589	0.0629;0.0596	1.0214;1.0245	0.525259852922347;0.511283144994191	0.0657906773927231	0.999786941848827;0.999762680583335
./25	2	GCST90000045;GCST90000047	Age at first sexual intercourse;Age at first sexual intercourse	EFO_0009749	0.1602;0.1461	1.0453;1.0785	0.562422593328559;0.535780280267237	0.180131103799426	0.988405551286425;0.985973608364495
./250	5	GCST90025985;GCST90002374;GCST004610;NEALE2_30000_raw;GCST90002407	White blood cell count;White blood cell count;White blood cell count;White blood cell (leukocyte) count;White blood cell count	EFO_0004308;EFO_0007988	0.2901;0.1771;0.1721;0.1191;0.1975	1.2466;1.3485;0.9844;1.1385;1.2946	0.308290101909525;0.239545309925247;0.237858476855151;0.188432587112099;0.253968161886367	0.290050329230112	0.997591142327608;0.992076720960487;0.999298109510434;0.951627530356827;0.996007464470323
./253	4	GCST90002328;GCST90002391;NEALE2_30060_raw;GCST004605	Mean corpuscular hemoglobin concentration;Mean corpuscular hemoglobin concentration;Mean corpuscular haemoglobin concentration;Mean corpuscular hemoglobin concentration	EFO_0004528	0.0877;0.0906;0.0397;0.0926	1.1264;1.1164;1.0358;0.9866	0.33815260783663;0.344138127296195;0.224601627079731;0.347621324462228	0.124723467778101	0.99801279221339;0.999290723473224;0.985237215879461;0.998444847616688
./256	3	NEALE2_4631;NEALE2_4598;NEALE2_20126_0	Ever unenthusiastic/disinterested for a whole week;Ever depressed for a whole week;No bipolar or depression | bipolar and major depression status	EFO_0007006;EFO_0007704;	0.0549;0.0637;0.0639	1.003;0.9909;1.0015	0.385691970547939;0.417135768446152;-0.410631702295006	0.0858599749966143	0.981597095867317;0.985567909873775;-0.968681232696855
./258	2	NEALE2_1990;GCST006952	Tense / 'highly strung';Feeling tense	EFO_0009596	0.0554;0.0531	1.0004;1.0011	0.524933170965593;0.51387838474917	0.0584352824397368	0.999065541663579;0.998982626236875
./26	10	NEALE2_23116_raw;NEALE2_23120_raw;FINNGEN_R6_E4_OBESITYNAS;NEALE2_23128_raw;NEALE2_23098_raw;NEALE2_48_raw;NEALE2_23112_raw;FINNGEN_R6_E4_OBESITYCAL;NEALE2_49_raw;NEALE2_23100_raw	"Leg fat mass (left);Arm fat mass (right);""""Obesity, other/unspecified"""";Trunk fat mass;Weight;Waist circumference;Leg fat mass (right);Obesity due to excess calories;Hip circumference;Whole body fat mass"	EFO_0004995;EFO_0001073;EFO_0005409;EFO_0004338;EFO_0004342;EFO_0005093	0.2026;0.194;0.0176;0.218;0.2399;0.1932;0.2023;0.0186;0.1972;0.2164	1.1059;1.0953;1.0514;1.1316;1.153;1.101;1.1062;1.0622;1.1273;1.1231	0.133322987589436;0.130447979882703;0.0397326111707071;0.136855796299292;0.14005451543093;0.127005714030751;0.133164442384056;0.0397251805278702;0.127528040940401;0.138501271341479	0.236749528770232	0.989831229534385;0.989719958694023;1.0008445038881;0.979514308517298;0.955559702538857;0.965596170512817;0.989386929573477;0.973386329694364;0.959683588876419;0.994949337120473
./262	2	GCST006620;NEALE2_2178	Self-rated health;Overall health rating	EFO_0004778	0.0967;0.0952	1.0139;1.0468	0.589950912129819;0.585357401447421	0.132542521764585	1;1
./264	6	NEALE2_5112_raw;NEALE2_5107_raw;NEALE2_5115_raw;NEALE2_5100_raw;NEALE2_5104_raw;NEALE2_5103_raw	3mm cylindrical power angle (left);3mm strong meridian angle (right);3mm cylindrical power angle (right);3mm weak meridian angle (right);3mm strong meridian angle (left);3mm weak meridian angle (left)	EFO_0007814	0.082;0.047;0.0664;0.0663;0.0594;0.0821	1.0035;1.0159;1.0131;1.0128;1.0002;1.0036	0.267498673159345;0.193982555292547;-0.238909523763237;-0.239196039647549;-0.224127325948162;0.267466431839959	0.133928728100055	0.990192463510264;0.948459208640961;-0.982775527593094;-0.984695903373664;-0.974779747884902;0.98946996519418
./266	6	NEALE2_5101_raw;NEALE2_5113_raw;NEALE2_5102_raw;NEALE2_5105_raw;NEALE2_5106_raw;NEALE2_5114_raw	6mm weak meridian angle (right);6mm cylindrical power angle (left);6mm weak meridian angle (left);6mm strong meridian angle (left);6mm strong meridian angle (right);6mm cylindrical power angle (right)	EFO_0007814	0.0685;0.0684;0.0694;0.0659;0.0643;0.0687	1.0047;1.0057;1.005;1.004;1.0012;1.0047	0.250104083311529;-0.251482886459851;-0.252904108867192;0.223483398922767;-0.236476332389677;0.250238601867321	0.138492245102803	0.992687193536256;-0.998889178504786;-0.997270730099071;0.904356122677397;-0.968766510755259;0.99177432019811
./269	4	NEALE2_20077;GCST90012790;GCST90012792;NEALE2_110001	Number of diet questionnaires completed;Percentage of invited food questionnaires completed;Acceptance of an invitation to participate in a mental health questionnaire;Invitation to complete online 24-hour recall dietary questionnaire, acceptance	;EFO_0010130	0.0371;0.0649;0.0862;0.0367	1.0133;1.0355;1.0357;1.019	0.283983296030922;0.380207268955157;0.427609173869179;0.285049019542116	0.104966114289841	0.976223597897367;0.988192442196662;0.964354789652269;0.985212651668944
./270	5	NEALE2_22506_113;NEALE2_22506_114;NEALE2_20116_0;NEALE2_1249;NEALE2_20160	Ex-smoker | tobacco smoking;Never smoked | tobacco smoking;Never | smoking status;Past tobacco smoking;Ever smoked	;EFO_0004318	0.076;0.0923;0.0944;0.0897;0.0732	1.0094;1.0146;1.0475;1.0314;1.0283	0.239830782103898;-0.264584094571149;-0.266059451637247;-0.260266982485384;0.22993627598248	0.132953422600965	0.994638078359379;-0.995703048043944;-0.990055745694454;-0.99355018697181;0.971670251817981
./277	2	NEALE2_5119_raw;NEALE2_5116_raw	3mm cylindrical power (left);3mm cylindrical power (right)	EFO_0007814	0.0704;0.0792	1.0103;1.0022	0.555893107120985;0.589613678490163	0.0982365508865358	1;1
./278	4	NEALE2_30200_raw;GCST90014287;GCST004633;GCST90002399	Neutrophill percentage;DNA methylation-estimated granulocyte proportions;Neutrophil percentage of white cells;Neutrophil percentage of white cells	EFO_0007990;EFO_0007987	0.1238;0.0928;0.1371;0.1472	1.1363;1.0471;0.971;1.1962	0.361860102656825;0.29307301210331;0.38192142665133;0.395468193156098	0.251373508350364	0.993332088355492;0.929214386439072;0.996252402864268;0.995569859379724
./279	2	SAIGE_365;FINNGEN_R6_H7_GLAUCOMA	Glaucoma;Glaucoma	EFO_0000516	0.0086;0.0179	1.0056;1.0559	0.560741521335197;0.808984136311584	0.0256754892436574	1;1
./28	10	FINNGEN_R6_J10_RESPIRATORY;FINNGEN_R6_G6_EPIPAROX;FINNGEN_R6_RX_PARACETAMOL_NSAID;FINNGEN_R6_K11_GIDISEASES;FINNGEN_R6_M13_DORSOPATHYOTH;FINNGEN_R6_M13_MUSCULOSKELETAL;FINNGEN_R6_PAIN;FINNGEN_R6_R18_SYMPTOMS_SIGNS_INVOLVI_CIRCULATO_RESPI_SYSTEMS;SAIGE_564;FINNGEN_R6_JOINTPAIN	"Diseases of the respiratory system;Episodal and paroxysmal disorders;Paracetamol of NSAID medication;Gastrointestinal diseases;""""Other dorsopathies, not elsewhere classified"""";Diseases of the musculoskeletal system and connective tissue;""""Pain (limb, back, neck, head abdominally)"""";Symptoms and signs involving the circulatory and respiratory systems;Functional digestive disorders;Pain in joint"	EFO_0000684;EFO_0000618;GO_1901554;EFO_0010282;EFO_0009676;EFO_0009676, EFO_1001986;EFO_0003766, HP_0009763, HP_0002315;HP_0001626, EFO_0000684;MONDO_0001318;HP_0002829	0.0231;0.0204;0.0248;0.0213;0.0318;0.0326;0.0325;0.021;0.0123;0.0278	1.1176;1.0793;1.1184;1.0774;1.1083;1.1351;1.1382;1.0702;1.0109;1.04	0.181429665410227;0.160295461604289;0.202534427486287;0.176671178612923;0.219778289967444;0.223918382029535;0.231587372753541;0.183267438152056;0.122901462423261;0.209825650537751	0.0878945564551925	0.942137809098618;0.885764490772884;1.01504463348867;0.955406139570798;0.972709938287193;0.978797993818442;1.01387711085493;0.998131553168256;0.874614389237242;0.993226511806809
./282	4	GCST003499;GCST006268;NEALE2_20023_raw;NEALE2_404_raw	Reaction time;Reaction time;Mean time to correctly identify matches;Duration to first press of snap-button in each round	EFO_0008393;	0.0736;0.0737;0.0644;0.0592	1.009;1.0262;1.021;1.0192	0.312934825047352;0.311746960956423;0.291876264478558;0.278803523954588	0.0966676332894776	1.00167533155148;0.997195875944836;0.998775395004868;0.995060288728797
./287	2	GCST006701;GCST006700	Parental longevity (father's attained age);Parental longevity (father's age at death)	EFO_0007796	0.028;0.0227	1.0799;1.0522	0.614554938323074;-0.549768458457395	0.0334768542978086	0.988312305138404;-0.98192744001962
./289	2	SAIGE_785;SAIGE_339	Abdominal pain;Other headache syndromes	HP_0002027;EFO_0009550	0.0127;0.0075	0.821;0.9945	0.756013979963331;0.580976542430353	0.0183636357912373	1;1
./290	3	NEALE2_2395_4;GCST006661;NEALE2_2395_1	Pattern 4 | hair/balding pattern;Male-pattern baldness;Pattern 1 | hair/balding pattern	EFO_0007824;Orphanet_79364	0.164;0.2839;0.1861	1.1141;1.0512;1.1242	0.392347042147878;0.521901267605658;-0.418036157417272	0.376241120608367	0.988679549106702;0.99956892792834;-0.988889470168361
./296	3	GCST004158;NEALE2_20519;NEALE2_2080	Self-reported tiredness;Recent feelings of tiredness or low energy;Frequency of tiredness / lethargy in last 2 weeks	EFO_0007946	0.067;0.0637;0.0582	0.9946;1.0002;1.019	0.480527033128677;0.464209737139939;0.449225736599653	0.120701451807284	0.995009422698502;0.985805642588115;0.998044503269097
./299	3	NEALE2_20510;GCST003769;NEALE2_20507	Recent feelings of depression;Depression;Recent feelings of inadequacy	MONDO_0002050;EFO_0003761, EFO_0007006;	0.0405;0.122;0.0349	0.9966;1.0774;1.0076	0.374333405862918;0.682094821961899;0.360213852942775	0.13955752282776	0.945239499172614;0.99237456513408;0.979847490209915
./3	5	NEALE2_30160;GCST90025997;GCST90002379;GCST004618;GCST90002292	Basophill count;Basophil count;Basophil count;White blood cell count (basophil);Basophil count	EFO_0005090	0.0225;0.0562;0.0671;0.0727;0.0633	1.102;1.0472;1.0882;0.9975;1.1054	0.161167033873283;0.261528135467802;0.293295925933706;0.300728796165073;0.283273390700315	0.0957053554028878	0.946786495673391;0.972114364263568;0.997727335265095;0.982822094210304;0.992135584622891
./30	6	GCST90025987;GCST004606;GCST90002381;GCST90002298;NEALE2_30150;GCST004624	Eosinophil counts;Eosinophil counts;Eosinophil counts;Eosinophil counts;Eosinophill count;Sum eosinophil basophil counts	EFO_0004842;EFO_0009389	0.2945;0.1653;0.1957;0.187;0.1484;0.1575	1.236;1.0065;1.2705;1.2987;1.1704;1.0097	0.260148669047197;0.194339915873898;0.211651567826577;0.206659317613164;0.181163532798982;0.188906036322512	0.297400708831611	0.999889854259172;0.997008329221936;0.997928164709182;0.996798534143915;0.980905192549148;0.992838842263395
./305	3	NEALE2_30300_raw;NEALE2_30290_raw;NEALE2_30240_raw	High light scatter reticulocyte count;High light scatter reticulocyte percentage;Reticulocyte percentage	;EFO_0007986	0.1495;0.0655;0.0568	1.1345;1.0571;1.0504	0.504626118636476;0.332367439456785;0.305870409210233	0.122951130402432	0.997729559655685;0.992799458748602;0.981131019597869
./308	2	GCST006908;GCST006906	Ischemic stroke;Stroke	HP_0002140;EFO_0000712	0.0135;0.0129	1.0251;1.0377	0.519434193031512;0.507484803676589	0.0137600036383261	0.994424338963962;0.993885333238146
./31	3	NEALE2_4290_raw;NEALE2_4291;NEALE2_20018	Duration screen displayed;Number of attempts;Prospective memory result	;EFO_0004333	0.0582;0.0591;0.0578	1.0021;1.0075;1.0099	0.372818165338677;0.377000960775859;0.374791292514917	0.0728336699231677	0.989258288730591;0.992711017175604;0.997929126157133
./311	2	NEALE2_20107_100;NEALE2_20110_100	None of the above (group 1) | illnesses of father;None of the above (group 1) | illnesses of mother	""	0.0142;0.0174	1.0205;1.0137	0.643153544316798;0.711942827823596	0.0290880866643523	1;1
./312	2	NEALE2_20403;NEALE2_20416	Amount of alcohol drunk on a typical drinking day;Frequency of consuming six or more units of alcohol	EFO_0004329	0.0595;0.063	0.9967;1.0006	0.552225447526942;0.568833169360192	0.0756286936459114	0.990556572786461;0.991598792128955
./315	2	GCST006941;NEALE2_1940	Irritable mood;Irritability	EFO_0009594;HP_0000737	0.0617;0.0662	1.008;1.0006	0.509424255993014;0.527850609815461	0.0685049320880109	0.997477750134914;0.997810827144657
./318	2	NEALE2_135;NEALE2_2492	Number of self-reported non-cancer illnesses;Taking other prescription medications	EFO_0009801;	0.065;0.0456	1.0254;1.0182	0.644317785786423;0.531454221514252	0.074147510097785	0.98648867638191;0.971476060048334
./319	3	GCST90002409;GCST001475;NEALE2_1687	Childhood body mass index;Obesity;Comparative body size at age 10	EFO_0004340;EFO_0001073;EFO_0009819	0.2301;0.4044;0.1343	1.0026;0.9254;1.0606	0.485678314333553;0.631437328144324;0.339530744562006	0.559010775013266	1.0095087382247;0.990020888693481;0.923763458558613
./320	3	NEALE2_5012;NEALE2_4968;NEALE2_5699	Chained arithmetic | fi8;Positional arithmetic | fi4;Arithmetic sequence recognition | fi10	;EFO_0004337	0.1068;0.0682;0.1506	1.0009;1.0042;0.9995	0.492263349922989;0.386234434951747;0.597812016894056	0.234496705872132	0.974021033124124;0.956346476979657;0.996113012709441
./322	2	GCST005186;GCST90025986	Fasting blood glucose;Blood glucose levels	EFO_0004465;EFO_0004468	0.1023;0.1157	1.0042;1.0657	0.666390798800717;0.712541795980151	0.199120534597417	0.97680284990006;0.982108359285025
./324	3	NEALE2_30110_raw;GCST90002401;GCST004616	Platelet distribution width;Platelet distribution width;Platelet distribution width	EFO_0007984	0.1917;0.2198;0.1753	1.1835;1.2314;0.9936	0.408701069499115;0.436064858704737;0.387975056558261	0.294111594354329	0.99708423213442;0.993514880175895;0.989805762103841
./327	2	GCST90000513;GCST90000512	Frozen shoulder;Frozen shoulder	EFO_1000941	0.0088;0.0092	1.0089;1.0067	0.509803681048161;-0.521261374143872	0.00956903784092304	1;-1
./329	2	GCST006098;NEALE2_904	Vigorous physical activity;Number of days/week of vigorous physical activity 10+ minutes	EFO_0008002;EFO_0003940	0.0537;0.0361	1.0305;1.0206	0.607652499975088;0.491465573940895	0.0531309755738679	0.989594457501144;0.976177085692627
./33	3	GCST009979;NEALE2_20500;NEALE2_20441	Major depressive disorder;Ever suffered mental distress preventing usual activities;Ever had prolonged loss of interest in normal activities	EFO_0003761;EFO_0007781;	0.0872;0.0607;0.0661	1.0032;1.009;0.9897	0.462638029143978;0.380706700854461;0.398593433471916	0.109017098775405	0.998913477427738;0.985237563152762;0.988494360601901
./334	2	NEALE2_2050;NEALE2_2060	Frequency of depressed mood in last 2 weeks;Frequency of unenthusiasm / disinterest in last 2 weeks	EFO_0004247	0.0422;0.0378	1.0024;1.0126	0.583786656316184;0.550978071240307	0.0503121768729983	0.989213307055116;0.986462149050817
./336	2	GCST006942;NEALE2_2020	Feeling lonely;Loneliness, isolation	EFO_0007865	0.0349;0.0368	1.0149;1.018	0.514604051860495;0.528426266866033	0.0390085032838636	1;1
./344	2	NEALE2_20446;NEALE2_20421	Ever had prolonged feelings of sadness or depression;Ever felt worried, tense, or anxious for most of a month or longer	MONDO_0002050;EFO_0005230	0.0578;0.0564	0.9979;0.9922	0.612397194278711;0.604412191902472	0.0817619317342466	0.983809556176086;0.98295905510748
./347	5	GCST006696;GCST006698;GCST006699;GCST006697;GCST006702	Parental longevity (mother's attained age);Parental longevity (both parents in top 10%);Parental longevity (mother's age at death);Parental longevity (combined parental attained age, Martingale residuals);Parental longevity (combined parental age at death)	EFO_0007796	0.017;0.0657;0.0223;0.0323;0.0359	1.0861;1.058;1.0582;1.0905;1.0635	0.197171203129216;-0.388212494470035;-0.224372951196964;0.267457347337927;-0.284526807338169	0.0673755324901306	1.00028020280749;-1.00181947920806;-0.993849712573738;0.984364446680318;-0.993295834230842
./348	2	NEALE2_20111_100;NEALE2_20111_8	None of the above (group 1) | illnesses of siblings;High blood pressure | illnesses of siblings	;EFO_0004325	0.0376;0.0363	1.0103;1.0072	0.555318673008323;-0.545040401385891	0.0434387668059753	0.985848873290957;-0.984775811990553
./349	3	GCST006948;GCST006478;NEALE2_1970	Feeling nervous;Worry;Nervous feelings	EFO_0009597;EFO_0009589;EFO_0007803	0.0613;0.0888;0.0626	1.0175;1.0211;1.0218	0.347082060526975;0.413676768938599;0.349678265920498	0.0855574918238275	0.990758308952788;0.981116191946432;0.987750519091383
./35	6	NEALE2_23119_raw;NEALE2_23115_raw;NEALE2_23111_raw;NEALE2_23127_raw;NEALE2_23123_raw;NEALE2_23099_raw	Arm fat percentage (right);Leg fat percentage (left);Leg fat percentage (right);Trunk fat percentage;Arm fat percentage (left);Body fat percentage	EFO_0007800	0.2028;0.2148;0.2139;0.2003;0.2076;0.2131	1.1163;1.1353;1.1328;1.1224;1.1127;1.1276	0.176405858023066;0.180494525193364;0.179894608077051;0.173585468973984;0.178522495761328;0.183408349469632	0.230454052514201	0.980954039749604;0.975251276036942;0.974052547929974;0.971275703293804;0.981180497933538;0.99494027217289
./352	2	NEALE2_2415;NEALE2_136	Had major operations;Number of operations, self-reported	;EFO_0009802	0.0253;0.0401	1.0093;1.0324	0.52251017910274;0.669869013639383	0.0455393137498732	0.971283762474619;0.989075253993583
./353	3	GCST90014023;GCST90000529;GCST90013791	Type 1 diabetes;Type 1 diabetes;Type 1 diabetes	MONDO_0005147;EFO_0001359	0.0299;0.4927;0.0684	1.0726;1.0197;0.9938	0.184992516259147;0.741984464196055;0.239785814435133	0.367453235138099	1.00973741497401;0.997684934806963;0.865337091490444
./354	2	NEALE2_1558;NEALE2_20414	Alcohol intake frequency.;Frequency of drinking alcohol	EFO_0007878;EFO_0004329	0.0799;0.085	1.0513;1.0083	0.589704065827523;-0.609238778305689	0.115548065010701	0.986415367267465;-0.988046019161016
./359	2	GCST006943;NEALE2_1930	Feeling miserable;Miserableness	EFO_0009598;EFO_0007803	0.0584;0.0616	1.0158;1.0141	0.51246927974046;0.526435496734529	0.0645121920025611	0.997889248261345;0.998103870559463
./36	2	GCST90038615;GCST90038607	Deep venous thrombosis;Venous thromboembolism	EFO_0003907;EFO_0004286	0.0092;0.0124	0.9985;0.9947	0.48197460228866;0.55955281192996	0.0117806155183448	1;1
./363	2	NEALE2_884;GCST006097	Number of days/week of moderate physical activity 10+ minutes;Moderate to vigorous physical activity levels	EFO_0003940;EFO_0008002	0.04;0.0459	1.0125;1.0148	0.543118325202934;0.585630006240664	0.0524188904224425	0.974604753849917;0.981027186114196
./367	5	GCST90002346;GCST90002395;GCST90025960;GCST004599;NEALE2_30100_raw	Mean platelet volume;Mean platelet volume;Mean platelet volume;Mean platelet volume;Mean platelet (thrombocyte) volume	EFO_0004584	0.3402;0.3487;0.7841;0.2909;0.3123	1.3303;1.3054;1.3653;0.9978;1.2244	0.226163826798649;0.228993745979321;0.342849893230598;0.208250828764148;0.215870724855477	0.644066501304203	1.00027029261003;1.00036624532617;0.998802620194774;0.996038806324264;0.996481267697436
./368	2	GCST003837;NEALE2_1180	Chronotype;Morning/evening person (chronotype)	EFO_0004354;EFO_0008328	0.1018;0.1153	1.0138;1.0474	0.571097838544129;-0.607900558043683	0.150809888613832	0.999153322948612;-0.999340292239353
./37	5	FINNGEN_R6_SLEEP;FINNGEN_R6_G6_SLEEPAPNO_INCLAVO;FINNGEN_R6_G6_SLEEPAPNO;SAIGE_327_3;SAIGE_327	"Sleep disorders (combined);""""Sleep apnoea, including avohilmo"""";Sleep apnoea;Sleep apnea;Sleep disorders"	EFO_0008568;EFO_0003877	0.0186;0.0218;0.0213;0.0095;0.0093	1.0856;1.0949;1.0965;0.9955;0.9964	0.290844522067342;0.314870999798421;0.311239148202514;0.207857748627235;0.205658133824778	0.0294713882269596	1;1;1;1;1
./370	3	NEALE2_22606_2;NEALE2_22609_2;NEALE2_4825	Often | workplace very noisy;Often | workplace very dusty;Noisy workplace	""	0.0462;0.0351;0.0562	1.0091;1.01;1.0163	0.498645809465285;0.427325873757101;0.542013802909221	0.096925116855711	0.996164302107578;0.979411997699512;0.98175241290467
./375	2	GCST003724;GCST90016608	Bipolar disorder;Bipolar disorder vs obsessive compulsive disorder (ordinary least squares (OLS))	EFO_0000289;EFO_0000289, EFO_0004242	0.2334;0.3259	0.9859;0.9897	0.580800696707889;0.686307718280766	0.45210888732872	1;1
./38	9	GCST90002398;GCST004614;NEALE2_30140_raw;GCST90025977;GCST004613;GCST004620;GCST90002351;GCST004629;GCST004626	Neutrophil count;Granulocyte count;Neutrophill count;Neutrophil count;Sum neutrophil eosinophil counts;Sum basophil neutrophil counts;Neutrophil count;Neutrophil count;Myeloid white cell count	EFO_0004833;EFO_0007987;EFO_0009390;EFO_0009388;EFO_0007988	0.1672;0.1573;0.1337;0.2563;0.1565;0.1568;0.1539;0.156;0.1617	1.2299;0.9758;1.1466;1.1781;0.9755;0.9731;1.2592;0.973;0.9787	0.137145152983646;0.133028274013573;0.118048503562851;0.169667729110963;0.132725395675326;0.132791243771827;0.131150101101556;0.132443876721344;0.134342269528897	0.248092687310576	0.998755038407959;0.998794751413304;0.961371933271783;0.997979454536887;0.999064469875708;0.998603458882211;0.995510800840903;0.998541781742733;0.994842493518559
./380	2	NEALE2_1950;GCST006951	Sensitivity / hurt feelings;Feeling hurt	EFO_0007803;EFO_0009599	0.0608;0.0593	1.0216;1.0188	0.521836413384328;0.515329342029951	0.064450541836396	0.998877983152477;0.998820331972893
./384	2	NEALE2_20107_8;NEALE2_20110_8	High blood pressure | illnesses of father;High blood pressure | illnesses of mother	EFO_0004325	0.0181;0.0283	1.0136;1.0144	0.590553574122176;0.738436631627063	0.041483557283646	1;1
./386	2	NEALE2_4548;NEALE2_20459	Health satisfaction;General happiness with own health	EFO_0009724;	0.0839;0.0764	1.0023;1.0087	0.659880573682805;0.627901438736666	0.129186162010491	0.986892653295167;0.984079878759744
./390	4	SAIGE_726;FINNGEN_R6_M13_ROTATORCUFF;FINNGEN_R6_M13_SHOULDER;SAIGE_726_1	Peripheral enthesopathies and allied syndromes;Rotator cuff syndrome;Shoulder lesions;Enthesopathy	;EFO_1001250;EFO_0009676;EFO_0009666	0.0147;0.0179;0.0216;0.01	1.0011;1.0631;1.0761;1.0015	0.34716169677642;0.385350265996641;0.423307558466326;0.285532788596171	0.0339174242721753	0.995466031831646;1.00134205858913;1.00134205858913;0.992680057227224
./394	2	GCST007432;NEALE2_20154_raw	FEV1;Forced expiratory volume in 1-second (fev1), predicted percentage	EFO_0004314	0.1943;0.1867	1.05;1.0366	0.590345012685807;0.578412562065662	0.257257373201209	0.994464458336314;0.99399757632758
./396	2	NEALE2_1707_2;NEALE2_1707_1	Left-handed | handedness (chirality/laterality);Right-handed | handedness (chirality/laterality)	EFO_0003889	0.0103;0.0093	1.0033;1.0079	0.528646232016462;-0.501457628665893	0.0102354330090445	0.992579178896468;-0.990857955137322
./397	3	GCST90002400;NEALE2_30090_raw;GCST004607	Plateletcrit;Platelet crit;Plateletcrit	EFO_0007985	0.252;0.1964;0.2168	1.3142;1.2126;1.0114	0.436742793874109;0.384349179025948;0.40673505787343	0.333501454076036	0.997076062765373;0.993935102038752;1.0011168724905
./4	4	NEALE2_30280_raw;GCST90002387;GCST90025971;GCST004628	Immature reticulocyte fraction;Immature fraction of reticulocytes;Immature fraction of reticulocytes;Immature fraction of reticulocytes	EFO_0009253;EFO_0010700;EFO_0007986	0.128;0.1441;0.2451;0.1327	1.1134;1.1675;1.118;0.9944	0.26241507820785;0.293785634400854;0.385390986353521;0.281009661978964	0.241187598088279	0.941333084945025;0.993248887994779;0.999055050368988;0.990023066423751
./40	10	NEALE2_4123_raw;NEALE2_3148_raw;NEALE2_4105_raw;NEALE2_3147_raw;NEALE2_4120_raw;NEALE2_3144_raw;GCST006979;GCST90025982;GCST006288;NEALE2_4124_raw	Heel quantitative ultrasound index (qui), direct entry (right);Heel bone mineral density (bmd);Heel bone mineral density (bmd) (left);Heel quantitative ultrasound index (qui), direct entry;Heel broadband ultrasound attenuation (right);Heel broadband ultrasound attenuation, direct entry;Heel bone mineral density;Heel bone mineral density T score;Heel bone mineral density;Heel bone mineral density (bmd) (right)	EFO_0004514;EFO_0009270	0.246;0.2384;0.2431;0.2361;0.2225;0.2181;0.2798;0.4215;0.3506;0.2491	1.0573;1.1279;1.0555;1.1263;1.0554;1.1151;1.3433;1.3345;1.1277;1.057	0.141297137230292;0.139303248748412;0.139222798053649;0.138658315570796;0.132835390590228;0.131302690072699;0.150563880919094;0.18158178358575;0.168666071083839;0.142102449794786	0.580428355965878	0.999504318434676;1.00098365259228;0.990687638323076;1.00119066601472;0.988024365988425;0.986426331178327;0.998655759501683;0.981278658706354;0.999402975785292;0.998926574538563
./402	5	SAIGE_562;GCST90038682;FINNGEN_R6_K11_DIVERTIC;NEALE2_20002_1458;SAIGE_562_1	Diverticulosis and diverticulitis;Diverticular disease;Diverticular disease of intestine;Diverticular disease/diverticulitis | non-cancer illness code, self-reported;Diverticulosis	EFO_1001460;EFO_0009959;	0.0361;0.0118;0.0228;0.0124;0.0361	1.0246;0.9771;1.0845;0.9945;1.0231	0.379128518560691;0.205071935037174;0.306461709386878;0.212006542229348;0.37915538674277	0.054299137154565	0.992650572691715;0.939136608896557;1.00965346655294;0.947113364403777;0.992720920120155
./403	2	GCST004988;SAIGE_174	Breast cancer;Breast cancer	EFO_0000305;MONDO_0007254	0.2179;0.0137	1.1053;1.0235	0.957176418820379;0.240006862237614	0.225529761838466	1;1
./405	2	GCST004131;GCST004132	Inflammatory bowel disease;Crohn's disease	EFO_0003767;EFO_0000384	0.2953;0.4164	1.1485;1.1176	0.495113943715462;0.596293443045451	0.41161918790797	0.973107773221043;0.986943250184309
./407	2	NEALE2_5262_raw;NEALE2_5254_raw	Intra-ocular pressure, corneal-compensated (left);Intra-ocular pressure, corneal-compensated (right)	EFO_0004695	0.1171;0.1101	1.0176;1.0134	0.603600562688219;0.585008887006832	0.159337662072464	0.996496566359899;0.996032300073945
./408	2	NEALE2_20111_12;NEALE2_20110_12	Severe depression | illnesses of siblings;Severe depression | illnesses of mother	MONDO_0002050	0.0145;0.0095	1.0041;1.007	0.730086564395616;0.5909519333598	0.0211740138972643	1;1
./409	2	SAIGE_574;SAIGE_574_1	Cholelithiasis and cholecystitis;Cholelithiasis	EFO_0004799	0.0187;0.0159	1.0221;1.0234	0.533183613474681;0.491648312104967	0.0181996978651859	1;1
./410	2	GCST007429;GCST90025998	Lung function (FVC);Lung function (FVC)	EFO_0004312	0.1908;0.2366	1.0492;1.1554	0.511547577827742;0.570069168771507	0.249883310792722	0.997881926836458;0.998625135117336
./411	3	NEALE2_23110_raw;NEALE2_23106_raw;NEALE2_23109_raw	Impedance of arm (left);Impedance of whole body;Impedance of arm (right)	""	0.2086;0.2346;0.2058	1.1589;1.1691;1.1421	0.348861437388257;0.365259262477344;0.345957171373913	0.237526214663419	0.993221739370041;0.98059039931177;0.991630909091124
./413	2	NEALE2_20544_15;GCST90038651	Anxiety, nerves or generalized anxiety disorder | mental health problems ever diagnosed by a professional;Anxiety or panic attacks	EFO_0005230;EFO_0004262, EFO_0005230	0.0352;0.0064	0.9965;0.9832	0.8964687969233;0.362622702988337	0.0381861263164052	0.998469171907366;0.94718719487707
./415	2	SAIGE_535;SAIGE_530_11	Gastritis and duodenitis;Gerd	EFO_0000217;EFO_0003948	0.0156;0.0113	1.0211;1.0182	0.700172816113529;0.595912050837221	0.0227399995939733	1;1
./421	2	NEALE2_6179_100;NEALE2_6179_1	None of the above | mineral and other dietary supplements;Fish oil (including cod liver oil) | mineral and other dietary supplements	""	0.0297;0.026	1.0126;1.0095	0.556759025853233;-0.519474691261761	0.03164893683494	0.991207322023097;-0.988446526335616
./424	2	GCST006944;NEALE2_1920	Experiencing mood swings;Mood swings	EFO_0008475;HP_0000720	0.0665;0.0689	1.0157;1.0206	0.514494018282708;0.523695832845238	0.0729753762934761	1;1
./429	2	NEALE2_1150_1;NEALE2_1150_2	Left | usual side of head for mobile phone use;Right | usual side of head for mobile phone use	""	0.0219;0.0258	1.0098;1.0089	0.499866623903657;-0.545885567460602	0.0252283980470789	0.97928511695519;-0.98530079003685
./43	10	GCST90002392;GCST90002334;GCST004630;GCST004602;GCST90025962;GCST90025963;GCST90002322;NEALE2_30040_raw;NEALE2_30050_raw;GCST90002390	Mean corpuscular volume;Mean corpuscular volume;Mean corpuscular hemoglobin;Mean corpuscular volume;Mean corpuscular hemoglobin concentration;Mean corpuscular volume;Mean corpuscular hemoglobin;Mean corpuscular volume;Mean corpuscular haemoglobin;Mean corpuscular hemoglobin	EFO_0004526;EFO_0004527;EFO_0004528	0.3129;0.2794;0.233;0.2484;0.5049;0.5351;0.2674;0.2103;0.1753;0.2833	1.2976;1.3286;0.9955;0.9891;1.2645;1.2783;1.2916;1.1636;1.1189;1.267	0.131605816736547;0.123651650905191;0.112916975411421;0.11693074090011;0.166406885295879;0.171451974437536;0.121208550239074;0.107319971171045;0.0975220080131027;0.124990897839588	0.499029132987038	0.992472157136521;0.98680819387933;0.98679582836811;0.989689435674457;0.987903752772882;0.988714820324472;0.988777519728094;0.987204075789944;0.982556890596456;0.990606399294171
./433	2	NEALE2_20003_1140864992;NEALE2_20003_1140923346	Tramadol | treatment/medication code;Co-codamol | treatment/medication code	EFO_0007010	0.0093;0.0112	1.0053;1.0083	0.649722072804199;0.713009240401948	0.0190756794501447	1;1
./44	10	GCST007092;GCST005812;FINNGEN_R6_M13_ARTHROSIS_KNEE;FINNGEN_R6_OPER_ARTIF_JOINT_MENISC_RESECT;SAIGE_740_11;FINNGEN_R6_M13_OTHERJOINT;FINNGEN_R6_M13_KNEEDERANGEMENTS;SAIGE_716;FINNGEN_R6_M13_ARTHROSIS_OTH;SAIGE_835	"Osteoarthritis of the hip or knee;Osteoarthritis of the hip or knee (hospital diagnosed);Gonarthrosis;""""Articial joint operation, menisceal resection"""";Osteoarthrosis, localized, primary;Other joint disorders;Internar derangement of knee;Other arthropathies;Other arthrosis;Internal derangement of knee"	EFO_1000786, EFO_0004616;EFO_0004616;EFO_0009744, EFO_1000999;EFO_0002506;EFO_1000999;HP_0002999;HP_0003040;EFO_0009507	0.0428;0.1125;0.0418;0.023;0.0104;0.0335;0.033;0.0324;0.023;0.0138	1.0021;1.0012;1.1283;1.0826;1.0142;1.1151;1.0642;1.044;1.0459;1.0066	0.213610264727981;0.35792483509728;0.227394486719016;0.16085384303468;0.107634379318871;0.190676486598308;0.183887773108893;0.195694772666988;0.159632611656297;0.113951454561079	0.139817918643186	0.942028484323134;0.973597328256503;1.01474189466904;0.967679017939136;0.962937593840104;0.950470273533117;0.923548451934059;0.991906008668421;0.96033222436172;0.885001753364714
./443	4	NEALE2_20506;NEALE2_20509;NEALE2_20512;NEALE2_20520	Recent feelings or nervousness or anxiety;Recent inability to stop or control worrying;Recent feelings of foreboding;Recent worrying too much about different things	EFO_0005230;EFO_0009589;	0.0389;0.0437;0.0425;0.0415	1.0072;0.9992;0.9975;1.0049	0.285715210106014;0.307591162579369;0.300741984021254;0.303966601452426	0.0575390708491542	0.967699177333169;0.982912700702591;0.974499021126081;0.996744002640968
./447	2	GCST90012857;NEALE2_2296	Falling risk;Falls in the last year	HP_0002172;EFO_0009631	0.0273;0.0328	1.011;1.0036	0.503969175381662;0.553068524224658	0.0334329689801024	0.996146336035071;0.997338334678484
./452	2	FINNGEN_R6_N14_ENDOMETRIOSIS_ASRM_STAGE3_4;FINNGEN_R6_N14_ENDOMETRIOSIS_OVARY	"""""Endomtriosis ASRM stages 3,4"""";Endometriosis of ovary"	EFO_0001065;EFO_1000418	0.0267;0.0492	1.0257;1.0096	0.44176548799283;0.59967881297036	0.0421071511656277	1;1
./455	3	GCST004632;NEALE2_30180_raw;GCST90002389	Lymphocyte percentage of white cells;Lymphocyte percentage;Lymphocyte percentage of white cells	EFO_0007993	0.1406;0.1329;0.1571	0.9879;1.1727;1.2138	0.399236100933205;0.387166495924859;0.421231553721494	0.209219624478592	1.00058996835188;0.998054545064068;0.998738525549851
./47	2	NEALE2_4119_raw;NEALE2_3143_raw	Ankle spacing width (right);Ankle spacing width	""	0.2804;0.2741	1.0692;1.1421	0.657943501499077;0.650445345023102	0.472570305255015	0.9978720937381;0.997772597622978
./473	2	NEALE2_806;NEALE2_816	Job involves mainly walking or standing;Job involves heavy manual or physical work	""	0.076;0.0802	1.022;1.0285	0.553667843817797;0.569167609325897	0.0972096419281767	0.993143923871042;0.993854200808396
./479	2	NEALE2_30220_raw;GCST90002380	Basophill percentage;Basophil percentage of white cells	EFO_0007992	0.0295;0.0519	1.037;1.0607	0.502422063179996;0.674363847411781	0.0564660572528401	0.98290724193361;0.994638901786681
./48	7	FINNGEN_R6_J10_COPDNAS;SAIGE_496_21;FINNGEN_R6_J10_COPD;FINNGEN_R6_J10_COPDNAS_INCLAVO;NEALE2_20107_6;SAIGE_496_2;SAIGE_496	"Other chronic obstructive pulmonary disease;Obstructive chronic bronchitis;COPD;""""Other chronic obstructive pulmonary disease , including avohilmo"""";Chronic bronchitis/emphysema | illnesses of father;Chronic bronchitis;Chronic airway obstruction"	EFO_0000341;EFO_0006505, EFO_0000341;EFO_0000464;EFO_0006505	0.0177;0.0102;0.0182;0.018;0.0141;0.0095;0.0188	1.0507;0.9868;1.0517;1.0534;1.0101;0.9909;1.0045	0.261654940158063;0.195509913916373;0.263583008812333;0.259571734336611;0.209216511702426;0.190479644464556;0.265315498844958	0.0404429273733172	1.00387906410412;0.988115677953964;0.997288494373455;0.987552602422978;0.899343275874104;0.997529758726875;0.987694846151416
./486	2	NEALE2_24006_raw;NEALE2_189_raw	Particulate matter air pollution (pm2.5); 2010;Townsend deprivation index at recruitment	EFO_0008255;EFO_0009711	0.0134;0.0354	1.0285;1.0265	0.44666233479854;0.758259296052846	0.036469837579004	0.951464057741391;0.99376012587158
./49	2	GCST90038679;GCST90038602	Dermatologic disease;Hematological or dermatological disease	EFO_0000701;EFO_0005803, EFO_0000701	0.0099;0.0087	1.0163;1.0212	0.541683152654566;0.50779375729343	0.010253717563377	1;1
./497	2	GCST90038599;FINNGEN_R6_E4_ENDONUTRMET	"Diabetes or endocrine disease;""""Endocrine, nutritional and metabolic diseases"""""	EFO_0001379, EFO_0000400;EFO_0001379, EFO_0001069, EFO_0000589	0.038;0.0263	1.0731;1.1627	0.745423084231649;0.619241046463711	0.0601545041166427	0.998679914539056;0.997234138894618
./5	9	NEALE2_30020_raw;GCST90002383;GCST90025969;GCST90002304;GCST90002384;GCST90002310;GCST004604;NEALE2_30030_raw;GCST004615	Haemoglobin concentration;Hematocrit;Hemoglobin levels;Hematocrit;Hemoglobin;Hemoglobin concentration;Hematocrit;Haematocrit percentage;Hemoglobin concentration	EFO_0004528;EFO_0004348;EFO_0004509;	0.1415;0.1771;0.2947;0.1562;0.1806;0.1594;0.1354;0.1333;0.1369	1.1759;1.2637;1.219;1.3043;1.2671;1.3128;1.0015;1.1771;0.9955	0.125484513124501;0.140167075300255;0.181392852422025;0.130781479488316;0.142152927522182;0.132890929827785;0.122813607436593;0.120854275974013;0.12440558409036	0.251177704947733	0.99259947891538;0.991057525774418;0.994242297383746;0.984618211341223;0.99531160517271;0.990406118066801;0.993114422237137;0.984938421120204;1.00046127587608
./500	2	GCST004631;GCST004634	Basophil percentage of white cells;Basophil percentage of granulocytes	EFO_0007992;EFO_0007995	0.0579;0.0601	0.9966;0.9938	0.501253060749785;0.511257701792401	0.0587831395430059	0.985218239634844;0.986318809224772
./505	2	NEALE2_4526;NEALE2_20458	Happiness;General happiness	EFO_0007803;	0.0644;0.0604	0.9999;1.0109	0.657071460764866;0.636338412384806	0.104416351057586	1;1
./51	3	NEALE2_20002_1113;GCST90038617;NEALE2_6152_6	Emphysema/chronic bronchitis | non-cancer illness code, self-reported;Emphysema or chronic bronchitis;Emphysema/chronic bronchitis | blood clot, dvt, bronchitis, emphysema, asthma, rhinitis, eczema, allergy diagnosed by doctor	EFO_0006505, EFO_0000464;EFO_0000464, EFO_0006505;EFO_0000464	0.0106;0.0101;0.0138	0.9882;0.9785;0.9845	0.356958244726097;0.348437726715676;0.407290263306751	0.0143076121779117	1;1;1
./54	3	SAIGE_296;SAIGE_296_2;GCST005903	Mood disorders;Depression;Major depressive disorder (ICD-10 coded)	EFO_0004247;EFO_0003761	0.0166;0.0164;0.0186	0.998;0.997;0.997	0.349670018959515;0.348288625245795;0.365066494564975	0.0189406050166025	0.991141095908219;0.993226956067844;0.977567228945326
./552	2	GCST004075;GCST004137	Vertical cup-disc ratio;Optic cup area	EFO_0006939;EFO_0006940	0.341;0.2834	1.0336;1.015	0.600211338441956;0.54213000380446	0.389977150353782	0.981213549463707;0.972165156905569
./56	10	NEALE2_23122_raw;NEALE2_23117_raw;NEALE2_23114_raw;NEALE2_23129_raw;NEALE2_23101_raw;NEALE2_23126_raw;NEALE2_23105_raw;NEALE2_23102_raw;NEALE2_23125_raw;NEALE2_23121_raw	Arm predicted mass (right);Leg fat-free mass (left);Leg predicted mass (right);Trunk fat-free mass;Whole body fat-free mass;Arm predicted mass (left);Basal metabolic rate;Whole body water mass;Arm fat-free mass (left);Arm fat-free mass (right)	EFO_0004995;;EFO_0005409;EFO_0007777;EFO_0009805	0.2387;0.2399;0.2401;0.2641;0.2651;0.2365;0.2559;0.2647;0.2362;0.2391	1.1944;1.1828;1.1948;1.2544;1.2357;1.1945;1.209;1.2332;1.1931;1.1939	0.103008723641869;0.101576121777014;0.101741670890493;0.107049052662974;0.109062139463602;0.102566964442115;0.107043084700065;0.108996436582817;0.10246647690257;0.103107627303242	0.266587813156378	0.993039690644094;0.976776750565077;0.977961135946328;0.981109403745802;0.997672404206266;0.993369314760289;0.996649110563103;0.997824446310813;0.993026110989513;0.993161362534203
./57	3	SAIGE_318;NEALE2_20116_2;NEALE2_1239	Tobacco use disorder;Current | smoking status;Current tobacco smoking	EFO_0003768;EFO_0004318;	0.0287;0.0499;0.0531	1.0152;1.0144;1.0127	0.312067380243739;0.420596296519618;0.435350372520664	0.0601072923824508	0.973697647643633;0.995249264905312;0.998638612037083
./6	2	NEALE2_20487;GCST009982	Felt hated by family member as a child;Trauma exposure	;EFO_0010703	0.0532;0.1131	0.9996;1.0003	0.480184996770518;0.71612155914247	0.12045695333716	0.971944892076582;0.994132604184755
./60	4	GCST005902;NEALE2_20546_3;NEALE2_2090;NEALE2_20544_11	Depression (broad);Medication prescribed to you (for at least two weeks) | substances taken for depression;Seen doctor (gp) for nerves, anxiety, tension or depression;Depression | mental health problems ever diagnosed by a professional	EFO_0003761;	0.0621;0.0533;0.0605;0.0493	1.0076;1.0014;1.0114;1.0038	0.345707098076815;0.319696665901191;0.345821993059924;0.306686228996111	0.0954650395980791	0.984526753301483;0.982742024801234;0.997791839321879;0.980247721256675
./61	5	NEALE2_1210;GCST009763;GCST009760;GCST009761;GCST009762	Snoring;Snoring;Snoring;Snoring [adjusted for BMI];Snoring	HP_0025267;EFO_0008341	0.0598;0.0698;0.0606;0.0531;0.0559	1.0242;1.0228;1.0305;1.0333;1.0164	0.241087441885539;-0.256201002170159;-0.243163530066067;-0.215630990219857;-0.227829413357754	0.0807908703288506	0.996197221100125;-0.979883493850211;-0.998121605641473;-0.945551626121734;-0.973700105509417
./62	2	GCST007557;NEALE2_20022_raw	Birth weight;Birth weight	EFO_0004344	0.1073;0.0967	1.0464;1.0507	0.654728241006342;0.61952620825458	0.160870384183963	0.986701129711105;0.983492061138495
./64	2	GCST90016597;GCST005362	ADHD vs obsessive compulsive disorder (ordinary least squares (OLS));Attention deficit hyperactivity disorder [males]	EFO_0004242, EFO_0003888;EFO_0003888	0.4222;0.2507	1.0033;1.0078	0.650868806311347;0.494540566422446	0.438636734605132	0.992841674637792;0.978972314183087
./65	10	FINNGEN_R6_F5_MOOD;FINNGEN_R6_KRA_PSY_ANXIETY_EXMORE;FINNGEN_R6_KRA_PSY_ANXIETY;FINNGEN_R6_F5_ALLANXIOUS;FINNGEN_R6_KRA_PSY_ANYMENTAL;FINNGEN_R6_KRA_PSY_MOOD_EXMORE;FINNGEN_R6_F5_DEPRESSIO;FINNGEN_R6_F5_PERSOBEH;FINNGEN_R6_F5_PERSONALITY;FINNGEN_R6_ANTIDEPRESSANTS	Mood [affective] disorders;Anxiety disorders (more control exclusions);Anxiety disorders;All anxiety disorders;Any mental disorder;Mood disorders (more control exclusions);Depression;Disorders of adult personality and behaviour;Specific personality disorders;Depression medications	EFO_0004247;EFO_0006788;EFO_0000677;MONDO_0002050;EFO_0000677, HP_0012075;HP_0012075;CHEBI_35469	0.0218;0.0238;0.0168;0.0153;0.0263;0.0274;0.021;0.0124;0.0115;0.0579	1.0733;1.0611;1.0589;1.0405;1.0949;1.0815;1.0631;1.0224;1.0197;1.094	0.144876592304668;0.150454173689789;0.126394643484611;0.119544607359012;0.158883904919997;0.162422150687486;0.1421934602417;0.104600790964982;0.0990962516440841;0.233539142135937	0.0512480198541412	1.00494262373977;0.99881959244345;0.998723616872483;0.989818498356533;1.00339821055429;1.00494262373977;1.00494262373977;0.962045067779757;0.946410606142507;0.994012143629877
./68	3	NEALE2_20002_1309;GCST90038652;GCST90038656	Osteoporosis | non-cancer illness code, self-reported;Bone disorder;Osteoporosis	EFO_0003882;EFO_0004260	0.0139;0.0119;0.0126	1.0029;1.0023;1.0013	0.381607004728016;0.350890741718833;0.361189925007255	0.0152704218859912	1.00192907966544;0.995695335377491;0.996043713702694
./70	3	GCST90025946;GCST003401;GCST003372	Creatinine levels;Glomerular filtration rate in non diabetics (creatinine);Glomerular filtration rate (creatinine)	EFO_0004518;EFO_0005208, EFO_0004518	0.2947;0.1167;0.1103	1.2631;1.0146;1.011	0.601332502040103;-0.378679163700043;-0.365838762149539	0.332178811019503	0.999357151360331;-1.00007390586159;-0.993797905492744
./72	6	GCST006804;GCST004621;GCST90002369;NEALE2_30070_raw;GCST90025988;GCST90002404	Red cell distribution width;Red cell distribution width;Red cell distribution width;Red blood cell (erythrocyte) distribution width;Red cell distribution width;Red cell distribution width	EFO_0005192;EFO_0009188	0.2215;0.1844;0.1999;0.1195;0.3799;0.222	1.0472;0.9862;1.2458;1.0805;1.173;1.2221	0.216763172290255;0.198605394615852;0.206342228530954;0.157924587393898;0.285648740022054;0.218255046580933	0.372442942063993	0.992587476118561;0.99673736884777;0.994607839276058;0.984545874128101;0.998775370579039;0.998292861233808
./73	10	FINNGEN_R6_KRA_PSY_SUBSTANCE;FINNGEN_R6_F5_ALCOHOL;FINNGEN_R6_AUD_SWEDISH;FINNGEN_R6_F5_ALCOHOL_DEPENDENCE;FINNGEN_R6_OFFICIAL_TILASTOKESKUS;FINNGEN_R6_AUD;FINNGEN_R6_ALCOHOLMENTAL;FINNGEN_R6_ALCOHOL_RELATED;SAIGE_317;FINNGEN_R6_KRA_PSY_SUBSTANCE_EXMORE	"Substance abuse;Mental and behavioural disorders due to alcohol;""""Alcohol use disorder, Swedish definition"""";Alcohol dependence;""""Alcohol related diseases, tilastokeskus definition"""";""""Alcohol use disorder, ICD-based"""";""""Mental and behavioural disorders due to alcohol, excluding acute intoxication"""";""""Alcohol related diseases and deaths, all endoints"""";Alcohol-related disorders;Substance abuse (more control exclusions)"	MONDO_0002491;MONDO_0002326;MONDO_0021699;EFO_0003829;MONDO_0002046;EFO_0000677, MONDO_0021698;MONDO_0021698	0.0212;0.0203;0.0219;0.0152;0.0215;0.018;0.0191;0.0232;0.0105;0.0249	1.0676;1.064;1.0554;1.0347;1.0607;1.0552;1.0568;1.0582;1.0147;1.0661	0.124925472686183;0.122168413133659;0.126502118205151;0.105531023122343;0.125704942373058;0.114811759787254;0.118186518668318;0.130393003668134;0.0808142369073215;0.135394860063288	0.027659731641878	1.00145129918527;1.00082392146758;0.997751762326182;0.999091163961574;1.0006446706911;0.998842204549791;0.998155076573271;0.99921066447923;0.920534331613431;1.0014961118794
./74	3	GCST005185;GCST005180;GCST000571	Fasting blood insulin;Homeostasis model assessment of beta-cell function;Fasting blood insulin	EFO_0004466;EFO_0004469	0.0739;0.0934;0.0753	1.0213;0.9959;1.006	0.384107631666517;0.416945258788372;0.371011003820056	0.10839362394811	1.01342215084821;0.978510020340583;0.969725862211234
./79	10	NEALE2_20002_1074;SAIGE_411_1;FINNGEN_R6_I9_MI_STRICT;NEALE2_20002_1075;FINNGEN_R6_I9_REVASC;NEALE2_20111_1;GCST005194;NEALE2_20107_1;GCST000998;SAIGE_411	"Angina | non-cancer illness code, self-reported;Unstable angina (intermediate coronary syndrome);""""Myocardial infarction, strict"""";Heart attack/myocardial infarction | non-cancer illness code, self-reported;Coronary revascularization (ANGIO or CABG);Heart disease | illnesses of siblings;Coronary artery disease;Heart disease | illnesses of father;Coronary heart disease;Ischemic heart disease"	EFO_0003913;EFO_1000985;EFO_0000612;;EFO_0000319;EFO_0001645;EFO_1001375	0.0232;0.0117;0.021;0.0192;0.0264;0.0175;0.1083;0.029;0.0705;0.0341	1.0206;0.9982;1.0553;1.013;1.0891;1.007;0.9993;0.9982;1.0148;1.0385	0.165055937910269;0.116792508467394;0.165700777616314;0.155279700948552;0.188076525311427;0.140112435097441;0.376802116962585;0.161686482856491;0.299171566207936;0.206693913881543	0.153286901331626	0.94743763894011;0.944029420289578;0.999719982326312;0.979777688123014;1.01203632966354;0.92602162849965;1.00106569603719;0.830114860826573;0.985120213184439;0.978619743124222
./81	3	NEALE2_20003_2038460150;NEALE2_6154_100;NEALE2_6154_3	Paracetamol | treatment/medication code;None of the above | medication for pain relief, constipation, heartburn;Paracetamol | medication for pain relief, constipation, heartburn	CHEBI_46195;	0.0323;0.0543;0.0415	1.021;1.0262;1.02	0.341111550632472;-0.435661986285038;0.383155487794376	0.0562781693695247	0.994028830639825;-0.97915978597443;0.98504215854127
./82	3	NEALE2_2247_1;NEALE2_2247_0;GCST90012115	Yes | hearing difficulty/problems;No | hearing difficulty/problems;Age-related hearing impairment (MTAG)	EFO_0004238;EFO_0008111;EFO_0005782	0.0406;0.0405;0.0497	1.0197;1.0199;0.9944	0.337329439785626;-0.336952429328376;-0.370415994513161	0.0469910959424419	0.995539446349184;-0.995653729286283;-0.988049678856735
./83	2	GCST005062;GCST005067	Fibrinogen levels;C-reactive protein levels	EFO_0004623;EFO_0004458	5.7392;0.3672	2.0648;1.1675	0.858898452541795;0.217253847734646	4.79294869244988	1;1
./84	10	GCST90038690;SAIGE_272_1;NEALE2_20003_1140861958;NEALE2_6177_1;NEALE2_6153_1;FINNGEN_R6_RX_STATIN;NEALE2_20002_1473;SAIGE_272_11;SAIGE_272;NEALE2_20003_1141146234	High cholesterol;Hyperlipidemia;Simvastatin | treatment/medication code;Cholesterol lowering medication | medication for cholesterol, blood pressure or diabetes;Cholesterol lowering medication | medication for cholesterol, blood pressure, diabetes, or take exogenous hormones;Statin medication;High cholesterol | non-cancer illness code, self-reported;Hypercholesterolemia;Disorders of lipoid metabolism;Atorvastatin | treatment/medication code	HP_0003124;EFO_0003774;CHEBI_9150;;GO_0036273;EFO_0007010	0.0408;0.0331;0.0311;0.0791;0.0569;0.0428;0.0461;0.0313;0.0331;0.0143	1.0599;1.0403;1.0171;1.0263;1.0136;1.2635;1.0418;1.0369;1.0402;1.0198	0.162558318824019;0.150848947055528;0.149560720451769;0.238106052119107;0.201877531628284;0.182332744667817;0.180967458472897;0.146491590303771;0.150961635846556;0.105229982515892	0.113419645572817	0.933584659169051;0.961840091203888;0.983811609362383;0.982102421063069;0.981762505241391;1.02239183871888;0.977742770737259;0.960539245807644;0.96255861525829;1.02081270960433
./88	10	FINNGEN_R6_J10_UPPERDIS;FINNGEN_R6_ASTHMA_NAS_EXMORE;FINNGEN_R6_J10_ASTHMACOPDKELA;FINNGEN_R6_J10_ASTHMA_INCLAVO;NEALE2_20003_1141176832;FINNGEN_R6_J10_LOWCHRON;SAIGE_495;FINNGEN_R6_J10_ASTHMA_EXMORE;FINNGEN_R6_J10_ASTHMA_MAIN_EXMORE;FINNGEN_R6_ASTHMA_INFECTIONS	"Other diseases of upper respiratory tract;""""Asthma, unspecified (mode) (more control exclusions)"""";Asthma/COPD (KELA code 203);""""Asthma, including avohilmo"""";Seretide 50 evohaler | treatment/medication code;Chronic lower respiratory diseases;Asthma;Asthma (more control exclusions);Asthma (only as main-diagnosis) (more control exclusions);Asthma-related infections"	MONDO_0004867;EFO_0000270;EFO_0009759;EFO_0007010;EFO_0009433;EFO_0000270, EFO_0000544	0.0221;0.0274;0.0263;0.0258;0.0113;0.027;0.0333;0.0372;0.0339;0.0303	1.1176;1.0366;1.1198;1.1266;0.9914;1.1358;1.0397;1.1035;1.0907;1.0565	0.108597101894339;0.152168806861347;0.150319057378688;0.149691661063564;0.0895188138001742;0.152956241871376;0.166056376097065;0.179686983597893;0.171780707389168;0.161844083120304	0.0598385053887616	0.787460962618049;0.990962656269468;0.999178554684517;1.00460350570091;0.907782971404392;1.00344195901127;0.980935323870877;1.00427368509873;1.00573015641411;1.00226472866458
./90	3	SAIGE_735;FINNGEN_R6_M13_HALLUXVALGUS;SAIGE_735_3	Acquired foot deformities;Hallux valgus (acquired);Hallux valgus (bunion)	HP_0001760;HP_0001822	0.0141;0.0309;0.0128	1.0005;1.0616;1.009	0.409748003354799;0.609511634694877;0.390209413968669	0.0398841126127035	0.996354333341104;1.00117335917241;0.99586227812272
./93	3	GCST005064;GCST005069;GCST004940	Aspartate aminotransferase levels;Gamma glutamyl transferase levels;Alanine transaminase levels	EFO_0004736;EFO_0004532;EFO_0004735	4.3048;3.2644;6.413	1.8859;1.7569;2.1127	0.367646652127914;0.32011594535785;0.44888679115142	6.13878638512856	0.999757641779544;0.999645992321735;1.00010779569774
./94	2	NEALE2_6154_1;NEALE2_20003_1140868226	Aspirin | medication for pain relief, constipation, heartburn;Aspirin | treatment/medication code	;EFO_0007010	0.0231;0.022	1.0112;1.0138	0.514986714206348;0.502548545776977	0.0233255915941922	0.999476394182512;0.9994226469752
./95	8	NEALE2_22126;GCST90038661;NEALE2_6152_9;GCST90038603;NEALE2_20002_1387;GCST90038664;NEALE2_6152_100;GCST005038	Doctor diagnosed hayfever or allergic rhinitis;Allergy, hypersensitivity or anaphylaxis;Hayfever, allergic rhinitis or eczema | blood clot, dvt, bronchitis, emphysema, asthma, rhinitis, eczema, allergy diagnosed by doctor;Immunological or systemic disorder;Hayfever/allergic rhinitis | non-cancer illness code, self-reported;Allergic rhinitis;None of the above | blood clot, dvt, bronchitis, emphysema, asthma, rhinitis, eczema, allergy diagnosed by doctor;Allergic disease (asthma, hay fever or eczema)	EFO_0003956;MONDO_0005271;EFO_0000540;EFO_0003956, EFO_0005854;EFO_0005854;	0.0764;0.0194;0.0673;0.0177;0.0215;0.02;0.0702;0.0454	1.0101;1.0226;1.065;1.019;1.0204;1.0288;1.0667;1.0238	0.272247860758044;0.136140223521409;0.254402557068291;0.129170847442873;0.144229230742052;0.137920700515489;-0.256086194970999;0.19924918793411	0.103056892833504	0.990702460456864;0.983130205162012;0.986368932914682;0.976569869381638;0.989371742291078;0.980934256736353;-0.972171882690253;0.940576402040047
./97	6	FINNGEN_R6_I9_AF;SAIGE_427_2;SAIGE_427;FINNGEN_R6_CARDIAC_ARRHYTM;GCST006414;FINNGEN_R6_I9_OTHHEART	Atrial fibrillation and flutter;Atrial fibrillation and flutter;Cardiac dysrhythmias;Cardiac arrhytmias;Atrial fibrillation;Other heart diseases	EFO_0003911, EFO_0000275;EFO_0003911;EFO_1001771;EFO_0004269, EFO_0000341;EFO_0000275;EFO_0003777	0.0567;0.0263;0.0178;0.0362;0.0251;0.0159	1.0665;1.0153;1.0244;1.0744;1.0562;1.0773	0.380856084623677;0.256449614830834;0.212574475581168;0.303807617558059;0.247866031865333;0.196732763151307	0.0792113905251905	1.00381330461927;0.99244798779747;0.99996475690704;1.00213897368061;0.981892023570727;0.979178137496973
./98	5	GCST90038648;NEALE2_20002_1277;NEALE2_6148_2;GCST009722;GCST90038640	Glaucoma;Glaucoma | non-cancer illness code, self-reported;Glaucoma | eye problems/disorders;Glaucoma (multi-trait analysis);Eye or eyelid problem	EFO_0000516;EFO_0003966	0.0095;0.0121;0.0415;0.1803;0.0061	1.0397;1.0115;1.0129;0.935;1.0196	0.143794735137056;0.15516095221824;0.281309555498658;0.613501436431185;0.0935738009015821	0.122761199054357	1.01547898456987;0.970911194651035;0.950495781375027;0.994506161294133;0.824667938930442
./99	3	GCST006100;NEALE2_6164_2;NEALE2_6160_1	Strenuous sports or other exercises;Other exercises (eg: swimming, cycling, keep fit, bowling) | types of physical activity in last 4 weeks;Leisure/social activities: Sports club or gym	EFO_0008002;EFO_0003940	0.0558;0.0469;0.0354	1.0244;1.0132;1.0126	0.44553852051316;0.408671007966022;0.347278311589462	0.0646257195952113	0.986344086350438;0.986842156876307;0.965242234940814
