study_id,chrom,pos,ref,alt,gene_id,y_pred,y_proba
GCST009325,2,134707046,A,G,ENSG00000152128,1,0.9084363
GCST009325,4,15735725,G,A,ENSG00000109743,1,0.88238305
GCST009325,9,17727067,A,G,ENSG00000107295,1,0.88184714
GCST009325,2,101780501,T,A,ENSG00000071054,1,0.8784685
GCST009325,17,46111701,A,G,ENSG00000120071,1,0.8646842
GCST009325,18,43093415,A,G,ENSG00000152214,1,0.8588074
GCST009325,4,89744890,C,T,ENSG00000145335,1,0.84521294
GCST009325,12,40220632,C,T,ENSG00000188906,1,0.8333608
GCST009325,9,17579692,T,G,ENSG00000107295,1,0.8286339
GCST009325,11,133917106,G,T,ENSG00000080854,1,0.82238513
GCST009325,4,76276901,C,T,ENSG00000272414,1,0.81352407
GCST009325,1,232528865,C,T,ENSG00000116991,1,0.8089294
GCST009325,18,33724354,G,T,ENSG00000141431,1,0.80062765
GCST009325,2,17966582,A,T,ENSG00000170745,1,0.7899183
GCST009325,18,51157219,T,G,ENSG00000176624,1,0.78118336
GCST009325,2,168253884,C,T,ENSG00000198648,1,0.7754451
GCST009325,2,134681219,G,A,ENSG00000152128,1,0.7569715
GCST009325,17,45666837,C,T,ENSG00000263715,1,0.7489188
GCST009325,4,113447909,C,T,ENSG00000145349,1,0.74620587
GCST009325,4,89715479,G,A,ENSG00000145335,1,0.7403129
GCST009325,13,97212767,T,C,ENSG00000139793,1,0.7384671
GCST009325,1,226728377,T,C,ENSG00000143772,1,0.7369526
GCST009325,14,54882151,C,T,ENSG00000131979,1,0.7357898
GCST009325,10,119656173,G,A,ENSG00000151929,1,0.7298839
GCST009325,10,15515407,C,T,ENSG00000077943,1,0.72982407
GCST009325,6,132889222,T,C,ENSG00000146409,1,0.7291093
GCST009325,17,46723580,C,T,ENSG00000073969,1,0.72864
GCST009325,17,45706862,T,C,ENSG00000263715,1,0.72806513
GCST009325,7,23260430,A,C,ENSG00000136235,1,0.7233334
GCST009325,5,60842132,A,G,ENSG00000164181,1,0.72324866
GCST009325,1,161499264,G,C,ENSG00000143226,1,0.71748555
GCST009325,4,17967188,T,A,ENSG00000178177,1,0.715012
GCST009325,4,89704960,G,A,ENSG00000145335,1,0.71270245
GCST009325,4,958159,T,C,ENSG00000127419,1,0.7103669
GCST009325,6,111922088,A,G,ENSG00000010810,1,0.70550793
GCST009325,13,49353596,T,C,ENSG00000102547,1,0.70334667
GCST009325,20,6025395,C,T,ENSG00000088766,1,0.68955505
GCST009325,16,52602330,C,A,ENSG00000103460,1,0.68062943
GCST009325,3,28664199,T,C,ENSG00000144642,1,0.6763817
GCST009325,14,87997920,G,T,ENSG00000140030,1,0.6572494
GCST009325,12,122842051,G,T,ENSG00000130787,1,0.65338296
GCST009325,17,45720942,G,A,ENSG00000263715,1,0.6530426
GCST009325,3,161359842,A,G,ENSG00000196542,1,0.64869034
GCST009325,5,124774580,T,C,ENSG00000168916,1,0.6283061
GCST009325,1,205768611,G,A,ENSG00000069275,1,0.6214521
GCST009325,6,71778059,C,T,ENSG00000079841,1,0.617392
GCST009325,4,931588,C,T,ENSG00000127419,1,0.6142253
GCST009325,8,129889663,T,C,ENSG00000153310,1,0.6091739
GCST009325,4,89685975,C,G,ENSG00000145335,1,0.6011025
GCST009325,17,46789439,G,A,ENSG00000108379,1,0.6002091
GCST009325,2,95335195,A,T,ENSG00000115041,1,0.59664184
GCST009325,21,37480059,G,A,ENSG00000157540,1,0.58480453
GCST009325,8,16840084,G,T,ENSG00000078579,1,0.57855695
GCST009325,12,46025303,C,T,ENSG00000139218,1,0.5669745
GCST009325,4,76189212,C,G,ENSG00000138760,1,0.5562882
GCST009325,8,11854934,A,C,ENSG00000164733,1,0.550988
GCST009325,17,44216969,A,C,ENSG00000108312,1,0.5399474
GCST009325,4,169662006,G,A,ENSG00000109572,1,0.5314972
GCST009325,16,50702745,A,G,ENSG00000167207,1,0.5272527
GCST009325,4,76226816,A,G,ENSG00000138760,1,0.5192616
GCST009325,6,30140906,C,T,ENSG00000204614,1,0.51462394
GCST009325,12,132487182,G,A,ENSG00000112787,1,0.5145417
GCST009325,14,87997920,G,T,ENSG00000054983,1,0.51066136
GCST009325,1,205754444,C,T,ENSG00000069275,0,0.49884492
GCST009325,16,52935514,G,A,ENSG00000177200,0,0.4965491
GCST009325,20,3184040,T,C,ENSG00000088899,0,0.49108627
GCST009325,11,10537230,A,G,ENSG00000110315,0,0.48901007
GCST009325,17,45706862,T,C,ENSG00000120088,0,0.48833796
GCST009325,17,45720942,G,A,ENSG00000120088,0,0.4713829
GCST009325,17,45855941,T,C,ENSG00000185294,0,0.45856097
GCST009325,16,19266171,A,T,ENSG00000103528,0,0.45418292
GCST009325,4,76276901,C,T,ENSG00000118804,0,0.45079187
GCST009325,6,132889222,T,C,ENSG00000112306,0,0.43955493
GCST009325,17,61840005,C,T,ENSG00000108506,0,0.42238966
GCST009325,4,76226816,A,G,ENSG00000189157,0,0.4190777
GCST009325,8,16840084,G,T,ENSG00000155970,0,0.41793463
GCST009325,15,61705186,T,C,ENSG00000129003,0,0.40731728
GCST009325,2,95335195,A,T,ENSG00000155066,0,0.40370938
GCST009325,17,44357262,A,G,ENSG00000030582,0,0.40155002
GCST009325,10,102255522,A,G,ENSG00000107862,0,0.4009224
GCST009325,1,171750629,C,T,ENSG00000117533,0,0.40087548
GCST009325,4,76276901,C,T,ENSG00000189157,0,0.39510143
GCST009325,7,66544864,T,A,ENSG00000154710,0,0.39126182
GCST009325,17,78429399,A,T,ENSG00000187775,0,0.38197318
GCST009325,5,103030090,G,C,ENSG00000145723,0,0.37176326
GCST009325,17,78429399,A,T,ENSG00000087157,0,0.3442038
GCST009325,6,32610995,C,A,ENSG00000196735,0,0.3401627
GCST009325,1,205754444,C,T,ENSG00000117280,0,0.33922762
GCST009325,6,31878457,A,G,ENSG00000204385,0,0.33910716
GCST009325,14,37520065,T,C,ENSG00000139865,0,0.33371535
GCST009325,4,169662006,G,A,ENSG00000137601,0,0.33178025
GCST009325,19,2341049,C,T,ENSG00000005206,0,0.32270238
GCST009325,3,151391177,T,A,ENSG00000169313,0,0.31396025
GCST009325,17,46723580,C,T,ENSG00000108379,0,0.30429122
GCST009325,3,183042285,T,G,ENSG00000078070,0,0.30373165
GCST009325,17,61840005,C,T,ENSG00000108510,0,0.30330998
GCST009325,8,22668467,T,C,ENSG00000158941,0,0.3029132
GCST009325,7,66544864,T,A,ENSG00000243335,0,0.30025548
GCST009325,16,50702745,A,G,ENSG00000167208,0,0.299825
GCST009325,12,46025303,C,T,ENSG00000189079,0,0.29753605
GCST009325,5,60842132,A,G,ENSG00000164182,0,0.2936248
GCST009325,11,10537230,A,G,ENSG00000255823,0,0.2919158
GCST009325,11,83776234,C,A,ENSG00000150672,0,0.288969
GCST009325,14,37520065,T,C,ENSG00000129514,0,0.288304
GCST009325,14,37520065,T,C,ENSG00000151338,0,0.2867677
GCST009325,7,66544864,T,A,ENSG00000126522,0,0.2832251
GCST009325,8,22668467,T,C,ENSG00000241852,0,0.27144805
GCST009325,5,60842132,A,G,ENSG00000049167,0,0.27115294
GCST009325,4,89744890,C,T,ENSG00000138722,0,0.26881197
GCST009325,17,42588995,T,C,ENSG00000108788,0,0.2579732
GCST009325,5,103030090,G,C,ENSG00000145725,0,0.2531554
GCST009325,4,931588,C,T,ENSG00000178950,0,0.24955662
GCST009325,1,205768611,G,A,ENSG00000117280,0,0.24684109
GCST009325,17,44357262,A,G,ENSG00000005961,0,0.24439195
GCST009325,6,32610995,C,A,ENSG00000198502,0,0.2439091
GCST009325,17,7452302,A,C,ENSG00000174282,0,0.23915474
GCST009325,8,129889663,T,C,ENSG00000147697,0,0.23492742
GCST009325,7,66544864,T,A,ENSG00000106609,0,0.23359722
GCST009325,3,183042285,T,G,ENSG00000043093,0,0.22995123
GCST009325,11,83776234,C,A,ENSG00000137500,0,0.22375387
GCST009325,4,89704960,G,A,ENSG00000138722,0,0.20718364
GCST009325,3,161359842,A,G,ENSG00000169251,0,0.19534159
GCST009325,8,22668467,T,C,ENSG00000147439,0,0.1948263
GCST009325,3,151391177,T,A,ENSG00000144893,0,0.19062334
GCST009325,3,122478045,C,T,ENSG00000114030,0,0.18801434
GCST009325,3,48711556,G,T,ENSG00000068745,0,0.18533334
GCST009325,10,15515407,C,T,ENSG00000148468,0,0.18110372
GCST009325,16,28933075,C,G,ENSG00000177455,0,0.17883311
GCST009325,17,46789439,G,A,ENSG00000158955,0,0.17323792
GCST009325,17,61840005,C,T,ENSG00000136492,0,0.1726404
GCST009325,9,34046393,C,T,ENSG00000137073,0,0.17083156
GCST009325,17,7452302,A,C,ENSG00000181222,0,0.16979176
GCST009325,17,7452302,A,C,ENSG00000170175,0,0.16915019
GCST009325,16,28933075,C,G,ENSG00000196296,0,0.16859554
GCST009325,9,34046393,C,T,ENSG00000107341,0,0.16755278
GCST009325,17,45666837,C,T,ENSG00000120088,0,0.16662236
GCST009325,16,30966478,G,A,ENSG00000099377,0,0.16610168
GCST009325,9,17727067,A,G,ENSG00000178031,0,0.1642725
GCST009325,20,3184040,T,C,ENSG00000198171,0,0.16290592
GCST009325,4,958159,T,C,ENSG00000145214,0,0.16074628
GCST009325,4,958159,T,C,ENSG00000127415,0,0.15961224
GCST009325,17,78429399,A,T,ENSG00000184557,0,0.15727952
GCST009325,3,122478045,C,T,ENSG00000196981,0,0.1567217
GCST009325,3,48711556,G,T,ENSG00000178252,0,0.15648596
GCST009325,14,74906331,A,C,ENSG00000119682,0,0.15552035
GCST009325,16,19266171,A,T,ENSG00000261210,0,0.15491854
GCST009325,5,134863415,C,A,ENSG00000152700,0,0.15394655
GCST009325,5,134863415,C,A,ENSG00000164615,0,0.15366042
GCST009325,4,89685975,C,G,ENSG00000138722,0,0.14954348
GCST009325,7,66544864,T,A,ENSG00000241258,0,0.14856902
GCST009325,3,122478045,C,T,ENSG00000138496,0,0.14841643
GCST009325,8,11854934,A,C,ENSG00000079459,0,0.14648296
GCST009325,17,7452302,A,C,ENSG00000259224,0,0.14624488
GCST009325,5,134863415,C,A,ENSG00000181904,0,0.14334382
GCST009325,4,89715479,G,A,ENSG00000138722,0,0.14182572
GCST009325,17,46111701,A,G,ENSG00000186868,0,0.14123984
GCST009325,6,31878457,A,G,ENSG00000204390,0,0.13799173
GCST009325,16,50702745,A,G,ENSG00000083799,0,0.13618922
GCST009325,8,22668467,T,C,ENSG00000120913,0,0.1343622
GCST009325,17,46723580,C,T,ENSG00000158955,0,0.13289334
GCST009325,16,30966478,G,A,ENSG00000099381,0,0.13175078
GCST009325,6,132889222,T,C,ENSG00000112303,0,0.13004535
GCST009325,17,42588995,T,C,ENSG00000108786,0,0.1253829
GCST009325,2,95335195,A,T,ENSG00000144026,0,0.12517011
GCST009325,14,54882151,C,T,ENSG00000198554,0,0.12310426
GCST009325,20,6025395,C,T,ENSG00000125872,0,0.12275708
GCST009325,14,74906331,A,C,ENSG00000119689,0,0.12119074
GCST009325,17,42588995,T,C,ENSG00000037042,0,0.1209235
GCST009325,9,34046393,C,T,ENSG00000010438,0,0.11675852
GCST009325,16,28933075,C,G,ENSG00000169682,0,0.11661443
GCST009325,14,74906331,A,C,ENSG00000119608,0,0.115717016
GCST009325,6,30140906,C,T,ENSG00000204610,0,0.113975726
GCST009325,7,66544864,T,A,ENSG00000169902,0,0.11357872
GCST009325,11,10537230,A,G,ENSG00000133805,0,0.11324945
GCST009325,17,46111701,A,G,ENSG00000176681,0,0.10977388
GCST009325,3,48711556,G,T,ENSG00000213672,0,0.10785813
GCST009325,5,134863415,C,A,ENSG00000113615,0,0.10708826
GCST009325,4,76189212,C,G,ENSG00000189157,0,0.10681291
GCST009325,17,44357262,A,G,ENSG00000161682,0,0.10640649
GCST009325,4,15735725,G,A,ENSG00000004468,0,0.10490825
GCST009325,16,30966478,G,A,ENSG00000099364,0,0.1042477
GCST009325,1,171750629,C,T,ENSG00000010165,0,0.101609975
GCST009325,6,27771022,G,A,ENSG00000197238,0,0.09891647
GCST009325,6,132889222,T,C,ENSG00000112299,0,0.09839952
GCST009325,4,931588,C,T,ENSG00000185619,0,0.097251065
GCST009325,4,958159,T,C,ENSG00000145217,0,0.09559728
GCST009325,13,49353596,T,C,ENSG00000136169,0,0.09522933
GCST009325,13,49353596,T,C,ENSG00000102543,0,0.09468892
GCST009325,17,45720942,G,A,ENSG00000186868,0,0.093744986
GCST009325,17,42588995,T,C,ENSG00000177469,0,0.09344198
GCST009325,3,48711556,G,T,ENSG00000178467,0,0.09336058
GCST009325,6,27771022,G,A,ENSG00000273703,0,0.09335511
GCST009325,16,28933075,C,G,ENSG00000168488,0,0.0928461
GCST009325,19,2341049,C,T,ENSG00000130332,0,0.092841096
GCST009325,6,27771022,G,A,ENSG00000278828,0,0.09267096
GCST009325,7,66544864,T,A,ENSG00000126524,0,0.091178484
GCST009325,16,28933075,C,G,ENSG00000178188,0,0.090545595
GCST009325,8,16840084,G,T,ENSG00000038945,0,0.09016793
GCST009325,14,74906331,A,C,ENSG00000119616,0,0.090142354
GCST009325,17,45706862,T,C,ENSG00000185294,0,0.089193225
GCST009325,5,134863415,C,A,ENSG00000113648,0,0.0873963
GCST009325,4,958159,T,C,ENSG00000178950,0,0.08583267
GCST009325,11,133917106,G,T,ENSG00000166118,0,0.085416555
GCST009325,6,31878457,A,G,ENSG00000213722,0,0.08523303
GCST009325,17,45855941,T,C,ENSG00000186868,0,0.084082484
GCST009325,5,134863415,C,A,ENSG00000043143,0,0.084056474
GCST009325,17,44357262,A,G,ENSG00000186566,0,0.083542556
GCST009325,17,46723580,C,T,ENSG00000185829,0,0.083492
GCST009325,20,3184040,T,C,ENSG00000125877,0,0.08348031
GCST009325,6,27771022,G,A,ENSG00000185130,0,0.08259931
GCST009325,17,42588995,T,C,ENSG00000108784,0,0.08233522
GCST009325,3,122478045,C,T,ENSG00000163840,0,0.08153447
GCST009325,10,102255522,A,G,ENSG00000077150,0,0.08080695
GCST009325,6,27771022,G,A,ENSG00000196747,0,0.0804442
GCST009325,14,74906331,A,C,ENSG00000198208,0,0.078010246
GCST009325,16,30966478,G,A,ENSG00000099365,0,0.07720031
GCST009325,15,61705186,T,C,ENSG00000198535,0,0.07709725
GCST009325,16,28933075,C,G,ENSG00000213658,0,0.07595265
GCST009325,17,46111701,A,G,ENSG00000228696,0,0.07578315
GCST009325,17,46111701,A,G,ENSG00000256762,0,0.07550143
GCST009325,5,103030090,G,C,ENSG00000145730,0,0.073908344
GCST009325,6,31878457,A,G,ENSG00000204371,0,0.07360066
GCST009325,7,23260430,A,C,ENSG00000156928,0,0.073145725
GCST009325,6,32610995,C,A,ENSG00000237541,0,0.071975574
GCST009325,17,42588995,T,C,ENSG00000131470,0,0.071970366
GCST009325,3,48711556,G,T,ENSG00000177479,0,0.071315214
GCST009325,17,45706862,T,C,ENSG00000186868,0,0.068990715
GCST009325,3,122478045,C,T,ENSG00000114023,0,0.06871904
GCST009325,2,95335195,A,T,ENSG00000144029,0,0.067004204
GCST009325,17,42588995,T,C,ENSG00000068120,0,0.06590814
GCST009325,16,52935514,G,A,ENSG00000103460,0,0.065767005
GCST009325,7,23260430,A,C,ENSG00000136243,0,0.0653054
GCST009325,3,48711556,G,T,ENSG00000172046,0,0.06522291
GCST009325,1,205754444,C,T,ENSG00000158715,0,0.06495373
GCST009325,17,7452302,A,C,ENSG00000239697,0,0.06490156
GCST009325,10,102255522,A,G,ENSG00000059915,0,0.06433733
GCST009325,2,95335195,A,T,ENSG00000275111,0,0.063525535
GCST009325,10,102255522,A,G,ENSG00000107859,0,0.063369274
GCST009325,4,931588,C,T,ENSG00000127415,0,0.06303965
GCST009325,1,171750629,C,T,ENSG00000034971,0,0.062371206
GCST009325,2,17966582,A,T,ENSG00000151379,0,0.062337805
GCST009325,5,134863415,C,A,ENSG00000145833,0,0.061982095
GCST009325,17,44216969,A,C,ENSG00000004939,0,0.06153233
GCST009325,16,28933075,C,G,ENSG00000178952,0,0.061527073
GCST009325,18,33724354,G,T,ENSG00000101746,0,0.059312716
GCST009325,8,11854934,A,C,ENSG00000154328,0,0.059275735
GCST009325,6,132889222,T,C,ENSG00000093134,0,0.05760204
GCST009325,19,2341049,C,T,ENSG00000178297,0,0.057214133
GCST009325,4,76276901,C,T,ENSG00000138760,0,0.056464206
GCST009325,8,22668467,T,C,ENSG00000179388,0,0.056180634
GCST009325,3,48711556,G,T,ENSG00000178537,0,0.055709776
GCST009325,15,61705186,T,C,ENSG00000205502,0,0.055406917
GCST009325,15,61705186,T,C,ENSG00000069667,0,0.055406917
GCST009325,17,44216969,A,C,ENSG00000013306,0,0.0552039
GCST009325,16,28933075,C,G,ENSG00000184110,0,0.055061527
GCST009325,6,27771022,G,A,ENSG00000276368,0,0.055058654
GCST009325,3,48711556,G,T,ENSG00000114302,0,0.05446719
GCST009325,4,15735725,G,A,ENSG00000237765,0,0.053531505
GCST009325,8,16840084,G,T,ENSG00000104219,0,0.05333497
GCST009325,2,95335195,A,T,ENSG00000115042,0,0.05326867
GCST009325,1,205768611,G,A,ENSG00000158715,0,0.0532206
GCST009325,3,161359842,A,G,ENSG00000169255,0,0.052476313
GCST009325,4,15735725,G,A,ENSG00000118564,0,0.051762164
GCST009325,6,30140906,C,T,ENSG00000204613,0,0.051720653
GCST009325,18,33724354,G,T,ENSG00000166960,0,0.051369574
GCST009325,20,6025395,C,T,ENSG00000125885,0,0.051189933
GCST009325,6,31878457,A,G,ENSG00000204394,0,0.050834823
GCST009325,14,74906331,A,C,ENSG00000119596,0,0.050234005
GCST009325,3,161359842,A,G,ENSG00000182447,0,0.050147872
GCST009325,16,52602330,C,A,ENSG00000177200,0,0.04989728
GCST009325,2,95335195,A,T,ENSG00000172005,0,0.049886413
GCST009325,12,40220632,C,T,ENSG00000151229,0,0.04978061
GCST009325,17,7452302,A,C,ENSG00000181284,0,0.049632616
GCST009325,17,42588995,T,C,ENSG00000068137,0,0.0495715
GCST009325,16,52935514,G,A,ENSG00000103479,0,0.049272202
GCST009325,4,931588,C,T,ENSG00000145214,0,0.04823417
GCST009325,6,32610995,C,A,ENSG00000232629,0,0.047531117
GCST009325,14,54882151,C,T,ENSG00000180008,0,0.047002047
GCST009325,5,134863415,C,A,ENSG00000113621,0,0.046218295
GCST009325,17,42588995,T,C,ENSG00000126562,0,0.046174303
GCST009325,4,17967188,T,C,ENSG00000249581,0,0.04536463
GCST009325,4,17967188,T,C,ENSG00000163257,0,0.04536463
GCST009325,4,17967188,T,C,ENSG00000151552,0,0.04536463
GCST009325,4,17967188,T,C,ENSG00000109805,0,0.04536463
GCST009325,4,17967188,T,C,ENSG00000047662,0,0.04536463
GCST009325,4,17967188,T,C,ENSG00000118579,0,0.04536463
GCST009325,4,17967188,T,C,ENSG00000002549,0,0.04536463
GCST009325,4,17967188,T,C,ENSG00000178177,0,0.04536463
GCST009325,4,76189212,C,G,ENSG00000169248,0,0.04513066
GCST009325,3,151391177,T,A,ENSG00000181631,0,0.045044076
GCST009325,4,113447909,C,T,ENSG00000145362,0,0.044810172
GCST009325,6,32610995,C,A,ENSG00000204287,0,0.044666328
GCST009325,12,122842051,G,T,ENSG00000139726,0,0.044658244
GCST009325,4,169662006,G,A,ENSG00000056050,0,0.044548485
GCST009325,2,17966582,A,T,ENSG00000163029,0,0.04446079
GCST009325,1,226728377,T,C,ENSG00000143801,0,0.04411039
GCST009325,13,49353596,T,C,ENSG00000102539,0,0.04407919
GCST009325,3,48711556,G,T,ENSG00000198218,0,0.043935973
GCST009325,1,205768611,G,A,ENSG00000158711,0,0.043680213
GCST009325,17,45855941,T,C,ENSG00000120088,0,0.04358231
GCST009325,16,28933075,C,G,ENSG00000176953,0,0.04329368
GCST009325,10,119776815,G,A,ENSG00000198825,0,0.04296006
GCST009325,10,119776815,G,A,ENSG00000151923,0,0.04296006
GCST009325,10,119776815,G,A,ENSG00000148908,0,0.04296006
GCST009325,10,119776815,G,A,ENSG00000197771,0,0.04296006
GCST009325,10,119776815,G,A,ENSG00000107651,0,0.04296006
GCST009325,10,119776815,G,A,ENSG00000198873,0,0.04296006
GCST009325,10,119776815,G,A,ENSG00000151929,0,0.04296006
GCST009325,18,43093415,A,G,ENSG00000132872,0,0.042210154
GCST009325,16,30966478,G,A,ENSG00000175938,0,0.041696865
GCST009325,6,27771022,G,A,ENSG00000273542,0,0.04091112
GCST009325,6,32610995,C,A,ENSG00000179344,0,0.040751472
GCST009325,4,76189212,C,G,ENSG00000138750,0,0.04062741
GCST009325,17,42588995,T,C,ENSG00000033627,0,0.040627137
GCST009325,20,6025395,C,T,ENSG00000101311,0,0.03963853
GCST009325,3,151391177,T,A,ENSG00000152580,0,0.03957917
GCST009325,4,76226816,A,G,ENSG00000169248,0,0.03938422
GCST009325,1,205754444,C,T,ENSG00000133065,0,0.039310895
GCST009325,6,31878457,A,G,ENSG00000204386,0,0.03912623
GCST009325,7,66544864,T,A,ENSG00000198874,0,0.03867326
GCST009325,16,30966478,G,A,ENSG00000103496,0,0.038500227
GCST009325,3,28664199,T,C,ENSG00000206559,0,0.038302474
GCST009325,10,119656173,G,A,ENSG00000107651,0,0.03719277
GCST009325,3,122478045,C,T,ENSG00000173200,0,0.036969457
GCST009325,1,226728377,T,C,ENSG00000203685,0,0.03674912
GCST009325,16,28933075,C,G,ENSG00000177548,0,0.036128316
GCST009325,6,31878457,A,G,ENSG00000166278,0,0.036038205
GCST009325,4,76189212,C,A,ENSG00000118804,0,0.035985086
GCST009325,4,76189212,C,A,ENSG00000169248,0,0.035985086
GCST009325,4,76189212,C,A,ENSG00000138744,0,0.035985086
GCST009325,4,76189212,C,A,ENSG00000198301,0,0.035985086
GCST009325,4,76189212,C,A,ENSG00000272414,0,0.035985086
GCST009325,4,76189212,C,A,ENSG00000138755,0,0.035985086
GCST009325,4,76189212,C,A,ENSG00000189157,0,0.035985086
GCST009325,4,76189212,C,A,ENSG00000169245,0,0.035985086
GCST009325,4,76189212,C,A,ENSG00000138760,0,0.035985086
GCST009325,4,76189212,C,A,ENSG00000163749,0,0.035985086
GCST009325,4,76189212,C,A,ENSG00000156194,0,0.035985086
GCST009325,4,76189212,C,A,ENSG00000138757,0,0.035985086
GCST009325,4,76189212,C,A,ENSG00000156219,0,0.035985086
GCST009325,4,76189212,C,A,ENSG00000138768,0,0.035985086
GCST009325,4,76189212,C,A,ENSG00000138750,0,0.035985086
GCST009325,4,76189212,C,A,ENSG00000138771,0,0.035985086
GCST009325,3,151391177,T,A,ENSG00000138271,0,0.035914946
GCST009325,14,74906331,A,C,ENSG00000119630,0,0.035894077
GCST009325,3,122478045,C,T,ENSG00000160124,0,0.03585367
GCST009325,1,171750629,C,T,ENSG00000197959,0,0.035392933
GCST009325,6,31878457,A,G,ENSG00000204410,0,0.03476864
GCST009325,7,23260430,A,C,ENSG00000122550,0,0.034549154
GCST009325,6,31878457,A,G,ENSG00000255152,0,0.033594783
GCST009325,1,171750629,C,T,ENSG00000283683,0,0.033542234
GCST009325,6,30140906,C,T,ENSG00000204616,0,0.032898
GCST009325,17,44216969,A,C,ENSG00000030582,0,0.032806553
GCST009325,3,48711556,G,T,ENSG00000178149,0,0.032689143
GCST009325,20,6025395,C,T,ENSG00000089195,0,0.03261174
GCST009325,3,122478045,C,T,ENSG00000121552,0,0.032592505
GCST009325,6,31878457,A,G,ENSG00000250641,0,0.032574266
GCST009325,6,31878457,A,G,ENSG00000243649,0,0.032507125
GCST009325,16,30966478,G,A,ENSG00000150281,0,0.03222696
GCST009325,5,103030090,G,C,ENSG00000181751,0,0.032095708
GCST009325,4,113447909,C,T,ENSG00000180801,0,0.03191086
GCST009325,17,46723580,C,T,ENSG00000238083,0,0.03164153
GCST009325,6,111922088,A,G,ENSG00000203778,0,0.031618614
GCST009325,17,7452302,A,C,ENSG00000161958,0,0.03158737
GCST009325,2,168253884,C,T,ENSG00000172292,0,0.03152674
GCST009325,4,958159,T,C,ENSG00000127418,0,0.031438086
GCST009325,6,30140906,C,T,ENSG00000234127,0,0.031314652
GCST009325,17,45666837,C,T,ENSG00000186868,0,0.03106101
GCST009325,10,119656173,G,A,ENSG00000198825,0,0.031024177
GCST009325,4,76226816,A,G,ENSG00000272414,0,0.030898498
GCST009325,17,46111701,A,G,ENSG00000238083,0,0.030881977
GCST009325,17,45720942,G,A,ENSG00000185294,0,0.03063292
GCST009325,10,119656173,G,A,ENSG00000148908,0,0.03060075
GCST009325,13,49353596,T,C,ENSG00000136147,0,0.030458514
GCST009325,1,205768611,G,A,ENSG00000133065,0,0.030337896
GCST009325,8,22668467,T,C,ENSG00000120896,0,0.030305132
GCST009325,6,32610995,C,A,ENSG00000196126,0,0.029722411
GCST009325,2,134681219,G,A,ENSG00000153086,0,0.029593265
GCST009325,16,50702745,A,G,ENSG00000140807,0,0.029565765
GCST009325,5,60842132,A,G,ENSG00000035499,0,0.02938578
GCST009325,1,205768611,G,A,ENSG00000162877,0,0.02933236
GCST009325,17,42588995,T,C,ENSG00000131462,0,0.02924786
GCST009325,9,34046393,C,T,ENSG00000198876,0,0.028942982
GCST009325,3,183042285,T,G,ENSG00000078081,0,0.028795848
GCST009325,6,71778059,C,T,ENSG00000119900,0,0.028631005
GCST009325,2,134707046,A,G,ENSG00000153086,0,0.028382616
GCST009325,17,46789439,G,A,ENSG00000179673,0,0.028197726
GCST009325,4,169662006,G,A,ENSG00000154447,0,0.028068062
GCST009325,4,17967188,T,A,ENSG00000047662,0,0.028062405
GCST009325,4,17967188,T,A,ENSG00000163257,0,0.028049622
GCST009325,1,161499264,G,C,ENSG00000173110,0,0.027806202
GCST009325,17,42588995,T,C,ENSG00000141699,0,0.027798554
GCST009325,20,6025395,C,T,ENSG00000089199,0,0.027729584
GCST009325,2,101780501,T,A,ENSG00000115594,0,0.027685491
GCST009325,18,51157219,T,G,ENSG00000141646,0,0.02739435
GCST009325,6,111922088,A,G,ENSG00000112761,0,0.02725875
GCST009325,3,48711556,G,T,ENSG00000172053,0,0.027200423
GCST009325,3,161359842,A,G,ENSG00000163590,0,0.02699463
GCST009325,4,76226816,A,G,ENSG00000163749,0,0.026924165
GCST009325,14,54882151,C,T,ENSG00000168175,0,0.026830364
GCST009325,4,76189212,C,G,ENSG00000272414,0,0.02674457
GCST009325,4,76276901,C,T,ENSG00000169248,0,0.026648937
GCST009325,6,27771022,G,A,ENSG00000275221,0,0.026394384
GCST009325,6,27771022,G,A,ENSG00000233822,0,0.026394384
GCST009325,17,46723580,C,T,ENSG00000176681,0,0.026227348
GCST009325,4,931588,C,T,ENSG00000090316,0,0.02611034
GCST009325,21,37480059,G,A,ENSG00000157538,0,0.026055524
GCST009325,6,32610995,C,A,ENSG00000241106,0,0.026045917
GCST009325,1,205768611,G,A,ENSG00000174502,0,0.025868315
GCST009325,3,48711556,G,T,ENSG00000178035,0,0.025705347
GCST009325,8,16840084,G,T,ENSG00000198791,0,0.02564798
GCST009325,16,19266171,A,T,ENSG00000205730,0,0.025401957
GCST009325,6,27771022,G,A,ENSG00000275379,0,0.02533601
GCST009325,6,27771022,G,A,ENSG00000275126,0,0.02533601
GCST009325,7,23260430,A,C,ENSG00000136231,0,0.025325779
GCST009325,6,30140906,C,T,ENSG00000241370,0,0.025226569
GCST009325,17,7452302,A,C,ENSG00000174292,0,0.02509551
GCST009325,4,17967188,T,A,ENSG00000109805,0,0.025091788
GCST009325,16,30966478,G,A,ENSG00000167395,0,0.025067013
GCST009325,1,161499264,G,C,ENSG00000072694,0,0.024992866
GCST009325,6,111922088,A,G,ENSG00000074935,0,0.024945265
GCST009325,17,46111701,A,G,ENSG00000185829,0,0.024943003
GCST009325,1,205754444,C,T,ENSG00000162877,0,0.024906954
GCST009325,17,45666837,C,T,ENSG00000225190,0,0.024861634
GCST009325,16,19266171,A,T,ENSG00000103534,0,0.024844633
GCST009325,17,42588995,T,C,ENSG00000108799,0,0.024829881
GCST009325,17,45666837,C,T,ENSG00000185294,0,0.024705913
GCST009325,6,31878457,A,G,ENSG00000204366,0,0.024505595
GCST009325,13,97212767,T,C,ENSG00000165621,0,0.024466101
GCST009325,2,101780501,T,A,ENSG00000115590,0,0.024196034
GCST009325,6,31878457,A,G,ENSG00000204389,0,0.02417706
GCST009325,11,10537230,A,G,ENSG00000133800,0,0.02392383
GCST009325,8,11854934,A,C,ENSG00000205882,0,0.023833498
GCST009325,4,958159,T,C,ENSG00000168993,0,0.023788316
GCST009325,6,111922088,A,G,ENSG00000112769,0,0.02357564
GCST009325,9,17579692,T,G,ENSG00000044459,0,0.02351247
GCST009325,17,7452302,A,C,ENSG00000181885,0,0.023387821
GCST009325,20,3184040,T,C,ENSG00000185019,0,0.023364563
GCST009325,6,30140906,C,T,ENSG00000248167,0,0.023333529
GCST009325,19,2341049,C,T,ENSG00000176619,0,0.023281343
GCST009325,1,205768611,G,A,ENSG00000174514,0,0.023216812
GCST009325,8,16840084,G,T,ENSG00000155975,0,0.023126572
GCST009325,9,17727067,A,G,ENSG00000044459,0,0.022930034
GCST009325,8,11854934,A,C,ENSG00000205884,0,0.022891391
GCST009325,16,30966478,G,A,ENSG00000151006,0,0.02277727
GCST009325,3,48711556,G,T,ENSG00000177352,0,0.022625862
GCST009325,3,151391177,T,A,ENSG00000174944,0,0.022621239
GCST009325,6,31878457,A,G,ENSG00000213719,0,0.022501957
GCST009325,6,132889222,T,C,ENSG00000146399,0,0.022481378
GCST009325,11,133917106,G,T,ENSG00000166086,0,0.022413092
GCST009325,21,37480059,G,A,ENSG00000157542,0,0.022065839
GCST009325,6,31878457,A,G,ENSG00000204396,0,0.021966713
GCST009325,4,76189212,C,G,ENSG00000138744,0,0.021955706
GCST009325,6,27771022,G,A,ENSG00000184357,0,0.021885887
GCST009325,1,161499264,G,C,ENSG00000203747,0,0.021789778
GCST009325,6,31878457,A,G,ENSG00000244355,0,0.021665009
GCST009325,3,122478045,C,T,ENSG00000173193,0,0.021604873
GCST009325,12,40542837,C,T,ENSG00000188906,0,0.021597631
GCST009325,12,40528770,T,C,ENSG00000018236,0,0.021597631
GCST009325,12,40542837,C,T,ENSG00000018236,0,0.021597631
GCST009325,12,40528770,T,C,ENSG00000151229,0,0.021597631
GCST009325,12,40542837,C,T,ENSG00000151229,0,0.021597631
GCST009325,12,40528770,T,C,ENSG00000188906,0,0.021597631
GCST009325,14,87997920,G,T,ENSG00000042317,0,0.021527959
GCST009325,17,7452302,A,C,ENSG00000132507,0,0.021257171
GCST009325,4,76189212,C,G,ENSG00000156219,0,0.021174733
GCST009325,17,7452302,A,C,ENSG00000169992,0,0.021060323
GCST009325,12,132487182,G,A,ENSG00000204583,0,0.02101101
GCST009325,4,76276901,C,T,ENSG00000163749,0,0.020887874
GCST009325,4,76189212,C,G,ENSG00000118804,0,0.02081631
GCST009325,17,7452302,A,C,ENSG00000181323,0,0.020778377
GCST009325,16,30966478,G,A,ENSG00000178226,0,0.020665145
GCST009325,4,76276901,C,T,ENSG00000138750,0,0.020651046
GCST009325,17,7452302,A,C,ENSG00000141504,0,0.020648949
GCST009325,8,129889663,T,C,ENSG00000153317,0,0.02060077
GCST009325,17,44216969,A,C,ENSG00000141349,0,0.020590821
GCST009325,6,31878457,A,G,ENSG00000204388,0,0.020554973
GCST009325,17,44216969,A,C,ENSG00000005961,0,0.020431684
GCST009325,12,122842051,G,T,ENSG00000196917,0,0.020427465
GCST009325,4,76276901,C,T,ENSG00000138771,0,0.020243669
GCST009325,12,122842051,G,T,ENSG00000130783,0,0.020213835
GCST009325,16,28933075,C,G,ENSG00000197165,0,0.02018786
GCST009325,11,133917106,G,T,ENSG00000149328,0,0.020177107
GCST009325,6,31878457,A,G,ENSG00000204420,0,0.020148369
GCST009325,1,161499264,G,C,ENSG00000162747,0,0.020084037
GCST009325,20,3184040,T,C,ENSG00000215251,0,0.02005839
GCST009325,9,17579692,T,G,ENSG00000178031,0,0.020044487
GCST009325,17,7452302,A,C,ENSG00000129255,0,0.020035418
GCST009325,3,151391177,T,A,ENSG00000198829,0,0.019954525
GCST009325,6,31878457,A,G,ENSG00000204428,0,0.019923368
GCST009325,19,2341049,C,T,ENSG00000104899,0,0.019881867
GCST009325,10,102255522,A,G,ENSG00000148840,0,0.019761633
GCST009325,16,30966478,G,A,ENSG00000140678,0,0.019689815
GCST009325,18,51157219,T,G,ENSG00000082212,0,0.019591596
GCST009325,12,41901977,G,C,ENSG00000134283,0,0.019507863
GCST009325,12,41901977,G,C,ENSG00000139168,0,0.019507863
GCST009325,12,41901977,G,C,ENSG00000015153,0,0.019507863
GCST009325,12,41901977,G,C,ENSG00000151233,0,0.019507863
GCST009325,12,41901977,G,C,ENSG00000165966,0,0.019507863
GCST009325,1,226728377,T,C,ENSG00000163050,0,0.019418918
GCST009325,16,30966478,G,A,ENSG00000103549,0,0.019408474
GCST009325,12,46025303,C,T,ENSG00000111371,0,0.019401718
GCST009325,17,46111701,A,G,ENSG00000073969,0,0.019302709
GCST009325,17,7452302,A,C,ENSG00000248871,0,0.01924444
GCST009325,10,102255522,A,G,ENSG00000107872,0,0.019104676
GCST009325,10,102255522,A,G,ENSG00000119915,0,0.01906988
GCST009325,4,76226816,A,G,ENSG00000138750,0,0.018956458
GCST009325,17,7452302,A,C,ENSG00000184560,0,0.018601535
GCST009325,6,32610995,C,A,ENSG00000204252,0,0.018562915
GCST009325,17,46789439,G,A,ENSG00000108433,0,0.018550383
GCST009325,14,37520065,T,C,ENSG00000183032,0,0.018492082
GCST009325,5,134863415,C,A,ENSG00000132570,0,0.01844461
GCST009325,17,44216969,A,C,ENSG00000108309,0,0.018393165
GCST009325,16,30966478,G,A,ENSG00000196118,0,0.018326703
GCST009325,6,30140906,C,T,ENSG00000204618,0,0.018240055
GCST009325,3,48711556,G,T,ENSG00000173421,0,0.018212201
GCST009325,4,76189212,C,G,ENSG00000169245,0,0.018207384
GCST009325,17,7452302,A,C,ENSG00000129244,0,0.01817315
GCST009325,4,931588,C,T,ENSG00000169026,0,0.018149035
GCST009325,17,42588995,T,C,ENSG00000108797,0,0.018070584
GCST009325,17,42588995,T,C,ENSG00000131471,0,0.018058911
GCST009325,8,11854934,A,C,ENSG00000136574,0,0.017978657
GCST009325,12,122842051,G,T,ENSG00000139722,0,0.017955914
GCST009325,16,30966478,G,A,ENSG00000052344,0,0.017898895
GCST009325,3,48711556,G,T,ENSG00000164048,0,0.017889159
GCST009325,8,16840084,G,T,ENSG00000003987,0,0.017876495
GCST009325,12,122842051,G,T,ENSG00000150967,0,0.017850753
GCST009325,10,119656173,G,A,ENSG00000151923,0,0.01782802
GCST009325,6,30140906,C,T,ENSG00000204599,0,0.017716704
GCST009325,10,102255522,A,G,ENSG00000138111,0,0.017627362
GCST009325,1,205768611,G,A,ENSG00000117266,0,0.017552108
GCST009325,3,48711556,G,T,ENSG00000178057,0,0.017543089
GCST009325,17,7452302,A,C,ENSG00000182224,0,0.017524822
GCST009325,16,28933075,C,G,ENSG00000176476,0,0.017484268
GCST009325,6,31878457,A,G,ENSG00000228727,0,0.017414426
GCST009325,17,45855941,T,C,ENSG00000263715,0,0.017341016
GCST009325,19,2341049,C,T,ENSG00000220008,0,0.01732483
GCST009325,9,34046393,C,T,ENSG00000165006,0,0.017257692
GCST009325,2,101780501,T,A,ENSG00000163162,0,0.017238358
GCST009325,4,931588,C,T,ENSG00000145217,0,0.017214544
GCST009325,6,31878457,A,G,ENSG00000255552,0,0.017131375
GCST009325,4,76226816,A,G,ENSG00000118804,0,0.017102936
GCST009325,17,7452302,A,C,ENSG00000129214,0,0.016964909
GCST009325,11,133917106,G,T,ENSG00000151498,0,0.01694858
GCST009325,12,122842051,G,T,ENSG00000255398,0,0.016945602
GCST009325,17,7452302,A,C,ENSG00000129226,0,0.016937273
GCST009325,10,15515407,C,T,ENSG00000148481,0,0.016918458
GCST009325,3,183042285,T,G,ENSG00000058063,0,0.016884841
GCST009325,17,7452302,A,C,ENSG00000161960,0,0.016818425
GCST009325,10,119656173,G,A,ENSG00000197771,0,0.016813489
GCST009325,17,7452302,A,C,ENSG00000262481,0,0.016789425
GCST009325,2,134681219,G,A,ENSG00000082258,0,0.01678882
GCST009325,17,7452302,A,C,ENSG00000205544,0,0.016750624
GCST009325,4,76189212,C,G,ENSG00000138755,0,0.016744044
GCST009325,16,19266171,A,T,ENSG00000167186,0,0.016744014
GCST009325,17,7452302,A,C,ENSG00000213859,0,0.016687997
GCST009325,17,44216969,A,C,ENSG00000161664,0,0.016680628
GCST009325,21,37480059,G,A,ENSG00000182670,0,0.016643861
GCST009325,17,44216969,A,C,ENSG00000161682,0,0.016601328
GCST009325,2,17966582,A,T,ENSG00000178295,0,0.016592609
GCST009325,6,27771022,G,A,ENSG00000274641,0,0.016551694
GCST009325,14,74906331,A,C,ENSG00000119681,0,0.016537504
GCST009325,17,7452302,A,C,ENSG00000129194,0,0.016507834
GCST009325,17,46789439,G,A,ENSG00000228696,0,0.016468724
GCST009325,11,10537230,A,G,ENSG00000072952,0,0.016457496
GCST009325,1,161499264,G,C,ENSG00000158887,0,0.016384102
GCST009325,4,17967188,T,A,ENSG00000002549,0,0.016268346
GCST009325,6,31878457,A,G,ENSG00000204421,0,0.016210299
GCST009325,6,30140906,C,T,ENSG00000204644,0,0.016207699
GCST009325,13,97212767,T,C,ENSG00000125249,0,0.016203677
GCST009325,3,48711556,G,T,ENSG00000008300,0,0.01619364
GCST009325,6,27771022,G,A,ENSG00000276903,0,0.016149137
GCST009325,12,132487182,G,A,ENSG00000182870,0,0.01614401
GCST009325,3,18320267,A,C,ENSG00000131374,0,0.01610514
GCST009325,3,18320267,A,C,ENSG00000182568,0,0.01610514
GCST009325,12,132487182,G,A,ENSG00000247077,0,0.01609971
GCST009325,17,7452302,A,C,ENSG00000072818,0,0.016093086
GCST009325,6,31878457,A,G,ENSG00000204351,0,0.016076408
GCST009325,17,42588995,T,C,ENSG00000184451,0,0.016031938
GCST009325,4,931588,C,T,ENSG00000168993,0,0.016019298
GCST009325,8,11854934,A,C,ENSG00000205883,0,0.01600531
GCST009325,3,151391177,T,A,ENSG00000174946,0,0.015986223
GCST009325,19,2341049,C,T,ENSG00000104885,0,0.0159805
GCST009325,6,32610995,C,A,ENSG00000223865,0,0.015963893
GCST009325,12,132487182,G,A,ENSG00000187848,0,0.015903376
GCST009325,6,30140906,C,T,ENSG00000204592,0,0.015873382
GCST009325,17,44216969,A,C,ENSG00000168591,0,0.01586135
GCST009325,6,31878457,A,G,ENSG00000204424,0,0.015823998
GCST009325,17,7452302,A,C,ENSG00000129245,0,0.01574866
GCST009325,13,49353596,T,C,ENSG00000136144,0,0.01572791
GCST009325,17,7452302,A,C,ENSG00000161955,0,0.015718773
GCST009325,4,89685975,C,G,ENSG00000185477,0,0.01569788
GCST009325,16,30966478,G,A,ENSG00000156873,0,0.015676953
GCST009325,17,7452302,A,C,ENSG00000182896,0,0.015646476
GCST009325,4,958159,T,C,ENSG00000178222,0,0.015624642
GCST009325,6,132889222,T,C,ENSG00000146378,0,0.015613389
GCST009325,17,7452302,A,C,ENSG00000006047,0,0.015600789
GCST009325,17,44216969,A,C,ENSG00000087152,0,0.015597244
GCST009325,17,44357262,A,G,ENSG00000013306,0,0.015580728
GCST009325,12,122842051,G,T,ENSG00000182196,0,0.015571099
GCST009325,12,122842051,G,T,ENSG00000182782,0,0.015571099
GCST009325,5,134863415,C,A,ENSG00000152705,0,0.015567036
GCST009325,6,27771022,G,A,ENSG00000197153,0,0.015507884
GCST009325,6,27771022,G,A,ENSG00000278677,0,0.015507884
GCST009325,16,30966478,G,A,ENSG00000103507,0,0.015499857
GCST009325,12,122842051,G,T,ENSG00000111325,0,0.015497303
GCST009325,6,31878457,A,G,ENSG00000204427,0,0.015479199
GCST009325,17,45855941,T,C,ENSG00000256762,0,0.015437484
GCST009325,10,102255522,A,G,ENSG00000198728,0,0.015419289
GCST009325,16,28933075,C,G,ENSG00000196993,0,0.015399083
GCST009325,10,102255522,A,G,ENSG00000107874,0,0.015393697
GCST009325,20,3184040,T,C,ENSG00000088836,0,0.015374131
GCST009325,14,87997920,G,T,ENSG00000100433,0,0.015371064
GCST009325,6,111922088,A,G,ENSG00000056972,0,0.015351121
GCST009325,16,28933075,C,G,ENSG00000188603,0,0.015317074
GCST009325,6,30140906,C,T,ENSG00000066379,0,0.015314169
GCST009325,4,89704960,G,A,ENSG00000185477,0,0.0152824465
GCST009325,6,31878457,A,G,ENSG00000204392,0,0.015247167
GCST009325,17,7452302,A,C,ENSG00000132522,0,0.015244183
GCST009325,1,205754444,C,T,ENSG00000158711,0,0.015076642
GCST009325,4,89685975,C,G,ENSG00000184305,0,0.015064942
GCST009325,18,51157219,T,G,ENSG00000141642,0,0.015005168
GCST009325,12,40340400,G,A,ENSG00000151229,0,0.015004653
GCST009325,12,40340400,G,A,ENSG00000180116,0,0.015004653
GCST009325,12,40340400,G,A,ENSG00000018236,0,0.015004653
GCST009325,12,40340400,G,A,ENSG00000188906,0,0.015004653
GCST009325,17,7452302,A,C,ENSG00000187838,0,0.014959946
GCST009325,6,31878457,A,G,ENSG00000231852,0,0.01495793
GCST009325,6,32610995,C,A,ENSG00000168394,0,0.014957199
GCST009325,2,168253884,C,T,ENSG00000172318,0,0.014859132
GCST009325,10,102255522,A,G,ENSG00000120055,0,0.014837022
GCST009325,4,89704960,G,A,ENSG00000184305,0,0.014786366
GCST009325,17,7452302,A,C,ENSG00000283439,0,0.014725881
GCST009325,17,46789439,G,A,ENSG00000176681,0,0.01469489
GCST009325,6,31878457,A,G,ENSG00000204356,0,0.014677109
GCST009325,6,32610995,C,A,ENSG00000231389,0,0.014673703
GCST009325,17,42588995,T,C,ENSG00000131477,0,0.014670587
GCST009325,17,42588995,T,C,ENSG00000131475,0,0.014665184
GCST009325,6,30140906,C,T,ENSG00000204619,0,0.01460044
GCST009325,16,30966478,G,A,ENSG00000167397,0,0.014563433
GCST009325,17,46789439,G,A,ENSG00000073969,0,0.0145451045
GCST009325,4,17967188,T,A,ENSG00000151552,0,0.014482874
GCST009325,12,40220632,C,T,ENSG00000018236,0,0.014407129
GCST009325,17,44216969,A,C,ENSG00000161654,0,0.014317752
GCST009325,3,48711556,G,T,ENSG00000185909,0,0.014263532
GCST009325,4,89715479,G,A,ENSG00000185477,0,0.014251214
GCST009325,17,42588995,T,C,ENSG00000126581,0,0.0141470125
GCST009325,6,30140906,C,T,ENSG00000204632,0,0.0141304955
GCST009325,4,76276901,C,T,ENSG00000198301,0,0.014122521
GCST009325,14,54882151,C,T,ENSG00000131981,0,0.014117601
GCST009325,4,931588,C,T,ENSG00000127418,0,0.014098845
GCST009325,4,169662006,G,A,ENSG00000109576,0,0.014077273
GCST009325,3,48711556,G,T,ENSG00000114270,0,0.014048659
GCST009325,10,102255522,A,G,ENSG00000120029,0,0.014019186
GCST009325,17,7452302,A,C,ENSG00000161956,0,0.013998189
GCST009325,4,89715479,G,A,ENSG00000184305,0,0.013954267
GCST009325,17,46723580,C,T,ENSG00000108433,0,0.013897817
GCST009325,6,132889222,T,C,ENSG00000135569,0,0.013834265
GCST009325,1,171750629,C,T,ENSG00000117523,0,0.013772787
GCST009325,1,161499264,G,C,ENSG00000188931,0,0.013759982
GCST009325,17,7452302,A,C,ENSG00000277957,0,0.013723306
GCST009325,6,132889222,T,C,ENSG00000146383,0,0.013661422
GCST009325,17,44216969,A,C,ENSG00000125319,0,0.013656829
GCST009325,10,102255522,A,G,ENSG00000166197,0,0.013649675
GCST009325,10,15515407,C,T,ENSG00000176244,0,0.013581652
GCST009325,14,54882151,C,T,ENSG00000126787,0,0.013533205
GCST009325,6,32610995,C,A,ENSG00000240065,0,0.013513771
GCST009325,20,3184040,T,C,ENSG00000101200,0,0.013502214
GCST009325,4,931588,C,T,ENSG00000178222,0,0.013478346
GCST009325,16,30966478,G,A,ENSG00000167394,0,0.013428204
GCST009325,17,7452302,A,C,ENSG00000215041,0,0.013397337
GCST009325,16,30966478,G,A,ENSG00000103490,0,0.013357818
GCST009325,5,60842132,A,G,ENSG00000130449,0,0.013316343
GCST009325,16,30966478,G,A,ENSG00000099385,0,0.013298323
GCST009325,17,46789439,G,A,ENSG00000259207,0,0.013288396
GCST009325,16,28933075,C,G,ENSG00000197272,0,0.013251728
GCST009325,6,31878457,A,G,ENSG00000204472,0,0.013182217
GCST009325,21,37480059,G,A,ENSG00000159267,0,0.013179229
GCST009325,20,3184040,T,C,ENSG00000125901,0,0.013119159
GCST009325,6,32610995,C,A,ENSG00000204290,0,0.013104832
GCST009325,6,132889222,T,C,ENSG00000146385,0,0.01308159
GCST009325,4,958159,T,C,ENSG00000159674,0,0.013075375
GCST009325,6,32610995,C,A,ENSG00000204267,0,0.013045424
GCST009325,4,958159,T,C,ENSG00000090316,0,0.013027245
GCST009325,3,48711556,G,T,ENSG00000172037,0,0.013020575
GCST009325,4,15735725,G,A,ENSG00000048342,0,0.012980622
GCST009325,3,183042285,T,G,ENSG00000176597,0,0.012964803
GCST009325,9,34046393,C,T,ENSG00000168913,0,0.012951202
GCST009325,20,3184040,T,C,ENSG00000125787,0,0.012898514
GCST009325,10,15515407,C,T,ENSG00000152465,0,0.012879071
GCST009325,1,161499264,G,C,ENSG00000143252,0,0.012830741
GCST009325,1,232528865,C,T,ENSG00000212916,0,0.012692474
GCST009325,17,44216969,A,C,ENSG00000108840,0,0.012632471
GCST009325,17,44357262,A,G,ENSG00000004939,0,0.012575721
GCST009325,1,205754444,C,T,ENSG00000174502,0,0.012575644
GCST009325,3,28664199,T,C,ENSG00000187118,0,0.012543822
GCST009325,20,3184040,T,C,ENSG00000101405,0,0.012541411
GCST009325,3,48711556,G,T,ENSG00000183396,0,0.01249826
GCST009325,16,30966478,G,A,ENSG00000089280,0,0.0124927
GCST009325,1,205754444,C,T,ENSG00000174514,0,0.012471035
GCST009325,17,44357262,A,G,ENSG00000108312,0,0.012451084
GCST009325,12,40220632,C,T,ENSG00000180116,0,0.01240082
GCST009325,19,2341049,C,T,ENSG00000099860,0,0.012391182
GCST009325,19,2341049,C,T,ENSG00000065000,0,0.012367717
GCST009325,14,74906331,A,C,ENSG00000119718,0,0.012361533
GCST009325,12,132487182,G,A,ENSG00000176894,0,0.012356114
GCST009325,4,76226816,A,G,ENSG00000156219,0,0.012354042
GCST009325,3,48711556,G,T,ENSG00000114268,0,0.012303086
GCST009325,4,15735725,G,A,ENSG00000137440,0,0.012293338
GCST009325,19,2341049,C,T,ENSG00000188305,0,0.012232145
GCST009325,17,7452302,A,C,ENSG00000141510,0,0.012201217
GCST009325,6,27771022,G,A,ENSG00000196812,0,0.01212756
GCST009325,2,95335195,A,T,ENSG00000163060,0,0.012096613
GCST009325,16,28933075,C,G,ENSG00000196502,0,0.012090568
GCST009325,4,89744890,C,T,ENSG00000184305,0,0.012062198
GCST009325,19,2341049,C,T,ENSG00000104897,0,0.012043177
GCST009325,17,45706862,T,C,ENSG00000225190,0,0.0120265195
GCST009325,6,132889222,T,C,ENSG00000112319,0,0.012015114
GCST009325,6,132889222,T,C,ENSG00000237110,0,0.012015114
GCST009325,3,183042285,T,G,ENSG00000053524,0,0.012003544
GCST009325,16,50702745,A,G,ENSG00000121281,0,0.012001328
GCST009325,16,30966478,G,A,ENSG00000103510,0,0.011978219
GCST009325,14,74906331,A,C,ENSG00000119703,0,0.011960974
GCST009325,12,132487182,G,A,ENSG00000177084,0,0.011957689
GCST009325,6,31878457,A,G,ENSG00000224389,0,0.011936086
GCST009325,8,22668467,T,C,ENSG00000134020,0,0.0119143985
GCST009325,6,111922088,A,G,ENSG00000009413,0,0.011896067
GCST009325,3,48711556,G,T,ENSG00000145040,0,0.011876544
GCST009325,4,169662006,G,A,ENSG00000198948,0,0.011863222
GCST009325,14,54882151,C,T,ENSG00000020577,0,0.011861233
GCST009325,4,89744890,C,T,ENSG00000185477,0,0.011851434
GCST009325,17,44357262,A,G,ENSG00000108309,0,0.011831594
GCST009325,10,15515407,C,T,ENSG00000152464,0,0.011816444
GCST009325,8,22668467,T,C,ENSG00000120910,0,0.01180602
GCST009325,6,31878457,A,G,ENSG00000204344,0,0.01179412
GCST009325,17,44357262,A,G,ENSG00000168591,0,0.011783366
GCST009325,11,133917106,G,T,ENSG00000151503,0,0.011750197
GCST009325,6,30140906,C,T,ENSG00000206503,0,0.011679171
GCST009325,5,134863415,C,A,ENSG00000069011,0,0.011658246
GCST009325,11,10537230,A,G,ENSG00000148926,0,0.011656059
GCST009325,17,78429399,A,T,ENSG00000204278,0,0.011606154
GCST009325,18,51157219,T,G,ENSG00000134042,0,0.011596476
GCST009325,10,102255522,A,G,ENSG00000120049,0,0.011558667
GCST009325,6,132889222,T,C,ENSG00000079950,0,0.011551625
GCST009325,6,31878457,A,G,ENSG00000168477,0,0.011535917
GCST009325,17,44357262,A,G,ENSG00000087152,0,0.011509651
GCST009325,17,78429399,A,T,ENSG00000035862,0,0.011479025
GCST009325,4,958159,T,C,ENSG00000174227,0,0.011478889
GCST009325,21,37480059,G,A,ENSG00000183145,0,0.011390851
GCST009325,6,31878457,A,G,ENSG00000204348,0,0.01132046
GCST009325,2,134707046,A,G,ENSG00000082258,0,0.011306897
GCST009325,4,17967188,T,A,ENSG00000118579,0,0.011276155
GCST009325,17,46723580,C,T,ENSG00000228696,0,0.011216915
GCST009325,9,34046393,C,T,ENSG00000122735,0,0.011185364
GCST009325,16,19266171,A,T,ENSG00000170537,0,0.011170307
GCST009325,14,74906331,A,C,ENSG00000119684,0,0.0111425845
GCST009325,6,27771022,G,A,ENSG00000124657,0,0.011126188
GCST009325,10,15515407,C,T,ENSG00000152463,0,0.011119066
GCST009325,6,27771022,G,A,ENSG00000197062,0,0.011090198
GCST009325,17,45666837,C,T,ENSG00000159314,0,0.011089712
GCST009325,16,28933075,C,G,ENSG00000184730,0,0.011078914
GCST009325,2,101780501,T,A,ENSG00000196460,0,0.011040908
GCST009325,14,74906331,A,C,ENSG00000119640,0,0.0110222995
GCST009325,4,15735725,G,A,ENSG00000137441,0,0.011013066
GCST009325,17,7452302,A,C,ENSG00000181856,0,0.0110104075
GCST009325,6,31878457,A,G,ENSG00000244731,0,0.01096424
GCST009325,6,111922088,A,G,ENSG00000251258,0,0.010940964
GCST009325,20,6025395,C,T,ENSG00000171984,0,0.010882507
GCST009325,1,161499264,G,C,ENSG00000162746,0,0.010878125
GCST009325,17,45720942,G,A,ENSG00000120071,0,0.010858528
GCST009325,6,32610995,C,A,ENSG00000213654,0,0.010851893
GCST009325,13,97212767,T,C,ENSG00000185352,0,0.010851668
GCST009325,7,23260430,A,C,ENSG00000122591,0,0.010818535
GCST009325,16,30966478,G,A,ENSG00000156860,0,0.010731087
GCST009325,11,133917106,G,T,ENSG00000151500,0,0.010712176
GCST009325,17,78429399,A,T,ENSG00000055483,0,0.010676825
GCST009325,6,27771022,G,A,ENSG00000168131,0,0.010662355
GCST009325,10,102255522,A,G,ENSG00000198408,0,0.0106174555
GCST009325,6,32610995,C,A,ENSG00000204264,0,0.010607287
GCST009325,16,30966478,G,A,ENSG00000080603,0,0.010599153
GCST009325,6,31878457,A,G,ENSG00000204469,0,0.010592855
GCST009325,17,46723580,C,T,ENSG00000179673,0,0.010545358
GCST009325,1,205768611,G,A,ENSG00000196188,0,0.01054209
GCST009325,16,28933075,C,G,ENSG00000255524,0,0.010518088
GCST009325,16,28933075,C,G,ENSG00000233232,0,0.010512318
GCST009325,6,31878457,A,G,ENSG00000204438,0,0.01050616
GCST009325,19,2341049,C,T,ENSG00000104886,0,0.010456907
GCST009325,17,45855941,T,C,ENSG00000120071,0,0.010441917
GCST009325,4,76189212,C,G,ENSG00000163749,0,0.010438168
GCST009325,3,28664199,T,C,ENSG00000163512,0,0.0104378825
GCST009325,10,119656173,G,A,ENSG00000198873,0,0.01037423
GCST009325,1,226728377,T,C,ENSG00000143776,0,0.0103625655
GCST009325,5,60842132,A,G,ENSG00000113448,0,0.010322904
GCST009325,16,50702745,A,G,ENSG00000166164,0,0.010303982
GCST009325,1,232528865,C,T,ENSG00000135778,0,0.010272616
GCST009325,16,19266171,A,T,ENSG00000006007,0,0.010229534
GCST009325,3,48711556,G,T,ENSG00000164047,0,0.01022781
GCST009325,17,7452302,A,C,ENSG00000141499,0,0.01021547
GCST009325,4,76189212,C,G,ENSG00000198301,0,0.010191891
GCST009325,16,50702745,A,G,ENSG00000121274,0,0.010191444
GCST009325,6,31878457,A,G,ENSG00000204475,0,0.010172399
GCST009325,9,34046393,C,T,ENSG00000230453,0,0.010170488
GCST009325,17,42588995,T,C,ENSG00000168610,0,0.010169389
GCST009325,3,151391177,T,A,ENSG00000163646,0,0.010128915
GCST009325,13,49353596,T,C,ENSG00000102531,0,0.010107452
GCST009325,5,60842132,A,G,ENSG00000188725,0,0.010059783
GCST009325,4,76276901,C,T,ENSG00000156219,0,0.01005225
GCST009325,12,46025303,C,T,ENSG00000134294,0,0.01004578
GCST009325,19,2341049,C,T,ENSG00000099800,0,0.010007772
GCST009325,11,10537230,A,G,ENSG00000236287,0,0.010003144
GCST009325,6,31878457,A,G,ENSG00000204435,0,0.0099983895
GCST009325,19,2341049,C,T,ENSG00000167476,0,0.009983561
GCST009325,19,2341049,C,T,ENSG00000104904,0,0.009983561
GCST009325,6,27771022,G,A,ENSG00000197279,0,0.009971376
GCST009325,4,17967188,T,A,ENSG00000249581,0,0.009967323
GCST009325,21,37480059,G,A,ENSG00000185808,0,0.009923733
GCST009325,17,44357262,A,G,ENSG00000161664,0,0.009917794
GCST009325,17,46723580,C,T,ENSG00000120071,0,0.009903537
GCST009325,2,95335195,A,T,ENSG00000144010,0,0.009880206
GCST009325,17,44357262,A,G,ENSG00000180340,0,0.009867498
GCST009325,1,232528865,C,T,ENSG00000162946,0,0.009851577
GCST009325,3,48711556,G,T,ENSG00000225697,0,0.009826955
GCST009325,6,32610995,C,A,ENSG00000242574,0,0.009783266
GCST009325,6,30140906,C,T,ENSG00000204576,0,0.009763639
GCST009325,1,232528865,C,T,ENSG00000135749,0,0.009737272
GCST009325,6,31878457,A,G,ENSG00000241404,0,0.009730015
GCST009325,6,31878457,A,G,ENSG00000227507,0,0.009720243
GCST009325,17,45720942,G,A,ENSG00000225190,0,0.009711673
GCST009325,17,78429399,A,T,ENSG00000089685,0,0.009690764
GCST009325,6,30140906,C,T,ENSG00000204574,0,0.009688115
GCST009325,16,28933075,C,G,ENSG00000176046,0,0.009661886
GCST009325,6,30140906,C,T,ENSG00000137343,0,0.009644869
GCST009325,4,15735725,G,A,ENSG00000007062,0,0.009639846
GCST009325,17,7452302,A,C,ENSG00000175826,0,0.009631101
GCST009325,3,122478045,C,T,ENSG00000036828,0,0.009621204
GCST009325,9,34046393,C,T,ENSG00000164978,0,0.009613111
GCST009325,17,42588995,T,C,ENSG00000126561,0,0.009551497
GCST009325,6,31878457,A,G,ENSG00000232810,0,0.009549179
GCST009325,6,32610995,C,A,ENSG00000204257,0,0.009526125
GCST009325,16,30966478,G,A,ENSG00000156886,0,0.009505576
GCST009325,6,31878457,A,G,ENSG00000240053,0,0.009502138
GCST009325,16,30966478,G,A,ENSG00000102870,0,0.009475947
GCST009325,20,3184040,T,C,ENSG00000088854,0,0.009469652
GCST009325,17,7452302,A,C,ENSG00000170291,0,0.009435251
GCST009325,20,3184040,T,C,ENSG00000215305,0,0.009396282
GCST009325,16,19266171,A,T,ENSG00000157106,0,0.009354472
GCST009325,6,31878457,A,G,ENSG00000198563,0,0.009352647
GCST009325,9,34046393,C,T,ENSG00000186638,0,0.00933885
GCST009325,10,119656173,G,A,ENSG00000165672,0,0.009310166
GCST009325,11,10537230,A,G,ENSG00000198730,0,0.00929996
GCST009325,3,151391177,T,A,ENSG00000197953,0,0.009293675
GCST009325,9,34046393,C,T,ENSG00000164976,0,0.009283412
GCST009325,6,27771022,G,A,ENSG00000124613,0,0.009261522
GCST009325,3,48711556,G,T,ENSG00000236980,0,0.0092563825
GCST009325,11,133917106,G,T,ENSG00000166105,0,0.009247715
GCST009325,17,46111701,A,G,ENSG00000185294,0,0.009227117
GCST009325,4,76226816,A,G,ENSG00000138771,0,0.00919524
GCST009325,4,76226816,A,G,ENSG00000169245,0,0.00919524
GCST009325,3,122478045,C,T,ENSG00000169087,0,0.009191205
GCST009325,8,22668467,T,C,ENSG00000168490,0,0.009176635
GCST009325,12,132487182,G,A,ENSG00000184967,0,0.009156548
GCST009325,6,30140906,C,T,ENSG00000204590,0,0.009147161
GCST009325,6,31878457,A,G,ENSG00000204314,0,0.009108613
GCST009325,4,958159,T,C,ENSG00000159692,0,0.0091006765
GCST009325,17,42588995,T,C,ENSG00000183978,0,0.009074544
GCST009325,17,45855941,T,C,ENSG00000159314,0,0.009057314
GCST009325,4,76226816,A,G,ENSG00000138755,0,0.009056856
GCST009325,10,102255522,A,G,ENSG00000156398,0,0.009055641
GCST009325,6,27771022,G,A,ENSG00000198315,0,0.0090489
GCST009325,12,32657825,A,C,ENSG00000151746,0,0.009042291
GCST009325,12,42141601,T,C,ENSG00000134283,0,0.009042291
GCST009325,12,32657825,A,C,ENSG00000057294,0,0.009042291
GCST009325,12,42141601,T,C,ENSG00000151233,0,0.009042291
GCST009325,12,32657825,A,C,ENSG00000139131,0,0.009042291
GCST009325,12,42141601,T,C,ENSG00000015153,0,0.009042291
GCST009325,12,42141601,T,C,ENSG00000139168,0,0.009042291
GCST009325,12,32657825,A,C,ENSG00000139132,0,0.009042291
GCST009325,12,42141601,T,C,ENSG00000139174,0,0.009042291
GCST009325,12,32657825,A,C,ENSG00000087470,0,0.009042291
GCST009325,17,44216969,A,C,ENSG00000091947,0,0.009002961
GCST009325,6,27771022,G,A,ENSG00000096654,0,0.008980458
GCST009325,16,19266171,A,T,ENSG00000103544,0,0.008956606
GCST009325,17,45706862,T,C,ENSG00000159314,0,0.008952632
GCST009325,17,78429399,A,T,ENSG00000108669,0,0.008925756
GCST009325,17,42588995,T,C,ENSG00000131480,0,0.008874999
GCST009325,17,78429399,A,T,ENSG00000167900,0,0.008864029
GCST009325,6,31878457,A,G,ENSG00000204444,0,0.008862396
GCST009325,17,42588995,T,C,ENSG00000176563,0,0.008851672
GCST009325,8,11854934,A,C,ENSG00000233050,0,0.008837417
GCST009325,6,31878457,A,G,ENSG00000204301,0,0.0088326195
GCST009325,17,46789439,G,A,ENSG00000185829,0,0.008830232
GCST009325,4,76226816,A,G,ENSG00000198301,0,0.008821551
GCST009325,12,122842051,G,T,ENSG00000090975,0,0.008790203
GCST009325,2,134707046,A,G,ENSG00000152127,0,0.008778582
GCST009325,6,30140906,C,T,ENSG00000204569,0,0.008758676
GCST009325,10,102255522,A,G,ENSG00000138175,0,0.008730611
GCST009325,6,31878457,A,G,ENSG00000226979,0,0.008645326
GCST009325,11,133917106,G,T,ENSG00000151502,0,0.008643472
GCST009325,1,226728377,T,C,ENSG00000143799,0,0.008631728
GCST009325,1,226728377,T,C,ENSG00000183814,0,0.008631728
GCST009325,12,132487182,G,A,ENSG00000196458,0,0.008614681
GCST009325,17,44357262,A,G,ENSG00000161649,0,0.008601837
GCST009325,18,51157219,T,G,ENSG00000141639,0,0.008600793
GCST009325,6,111922088,A,G,ENSG00000173214,0,0.008600503
GCST009325,17,46789439,G,A,ENSG00000238083,0,0.008597601
GCST009325,6,31878457,A,G,ENSG00000204463,0,0.008584666
GCST009325,1,161499264,G,C,ENSG00000132185,0,0.008583091
GCST009325,13,49353596,T,C,ENSG00000152213,0,0.008571271
GCST009325,6,30140906,C,T,ENSG00000204642,0,0.008525499
GCST009325,3,48711556,G,T,ENSG00000010256,0,0.008520556
GCST009325,2,101780501,T,A,ENSG00000175874,0,0.008520466
GCST009325,10,102255522,A,G,ENSG00000138107,0,0.008517353
GCST009325,16,30966478,G,A,ENSG00000169951,0,0.00850346
GCST009325,6,31878457,A,G,ENSG00000254870,0,0.008499043
GCST009325,6,31878457,A,G,ENSG00000213760,0,0.008499043
GCST009325,17,44357262,A,G,ENSG00000108840,0,0.008476586
GCST009325,14,74906331,A,C,ENSG00000119638,0,0.008476161
GCST009325,10,102255522,A,G,ENSG00000166189,0,0.008443203
GCST009325,4,958159,T,C,ENSG00000133256,0,0.008442816
GCST009325,12,132487182,G,A,ENSG00000176915,0,0.008438726
GCST009325,6,31878457,A,G,ENSG00000204439,0,0.00843171
GCST009325,16,30966478,G,A,ENSG00000156858,0,0.008420018
GCST009325,6,31878457,A,G,ENSG00000204482,0,0.008415153
GCST009325,17,45666837,C,T,ENSG00000120071,0,0.008397356
GCST009325,14,74906331,A,C,ENSG00000170345,0,0.008381931
GCST009325,2,101780501,T,A,ENSG00000115598,0,0.008376698
GCST009325,6,132889222,T,C,ENSG00000079931,0,0.008339228
GCST009325,4,931588,C,T,ENSG00000174227,0,0.008335471
GCST009325,6,31878457,A,G,ENSG00000204516,0,0.008325509
GCST009325,6,31878457,A,G,ENSG00000204520,0,0.008321467
GCST009325,11,133917106,G,T,ENSG00000183715,0,0.00830529
GCST009325,4,931588,C,T,ENSG00000159674,0,0.008303016
GCST009325,17,61840005,C,T,ENSG00000121068,0,0.008280893
GCST009325,17,7452302,A,C,ENSG00000004975,0,0.008274446
GCST009325,6,27771022,G,A,ENSG00000187626,0,0.008263215
GCST009325,17,61840005,C,T,ENSG00000253506,0,0.008225763
GCST009325,11,133917106,G,T,ENSG00000109956,0,0.008190486
GCST009325,17,45720942,G,A,ENSG00000159314,0,0.008188154
GCST009325,16,30966478,G,A,ENSG00000281991,0,0.008183226
GCST009325,7,23260430,A,C,ENSG00000164548,0,0.008157966
GCST009325,16,30966478,G,A,ENSG00000005844,0,0.008152797
GCST009325,6,32610995,C,A,ENSG00000204296,0,0.008141942
GCST009325,17,42588995,T,C,ENSG00000266967,0,0.008140949
GCST009325,4,15735725,G,A,ENSG00000169762,0,0.008129478
GCST009325,1,205754444,C,T,ENSG00000117266,0,0.00810244
GCST009325,6,31878457,A,G,ENSG00000204310,0,0.008100877
GCST009325,6,31878457,A,G,ENSG00000213676,0,0.008082285
GCST009325,4,958159,T,C,ENSG00000185619,0,0.008075131
GCST009325,17,7452302,A,C,ENSG00000108947,0,0.008041114
GCST009325,6,31878457,A,G,ENSG00000204498,0,0.008008534
GCST009325,11,10537230,A,G,ENSG00000133812,0,0.00798052
GCST009325,17,7452302,A,C,ENSG00000183914,0,0.007924626
GCST009325,12,132487182,G,A,ENSG00000090615,0,0.007921935
GCST009325,9,34046393,C,T,ENSG00000164970,0,0.007913799
GCST009325,2,134681219,G,A,ENSG00000115839,0,0.007888778
GCST009325,8,22668467,T,C,ENSG00000168487,0,0.007858078
GCST009325,3,122478045,C,T,ENSG00000082684,0,0.007854325
GCST009325,14,87997920,G,T,ENSG00000070778,0,0.007845939
GCST009325,4,931588,C,T,ENSG00000215375,0,0.0078392895
GCST009325,17,7452302,A,C,ENSG00000072778,0,0.007837328
GCST009325,17,45706862,T,C,ENSG00000184361,0,0.007835589
GCST009325,9,34046393,C,T,ENSG00000164972,0,0.007835286
GCST009325,6,32610995,C,A,ENSG00000204314,0,0.007817797
GCST009325,2,134707046,A,G,ENSG00000176601,0,0.00780186
GCST009325,2,134707046,A,G,ENSG00000115839,0,0.0077998415
GCST009325,17,45720942,G,A,ENSG00000184361,0,0.0077892104
GCST009325,6,27771022,G,A,ENSG00000137185,0,0.0077552837
GCST009325,6,31878457,A,G,ENSG00000258388,0,0.0077400305
GCST009325,17,42588995,T,C,ENSG00000131467,0,0.0077260714
GCST009325,3,48711556,G,T,ENSG00000164049,0,0.0077168397
GCST009325,3,48711556,G,T,ENSG00000229453,0,0.0077052987
GCST009325,12,132487182,G,A,ENSG00000072609,0,0.007696962
GCST009325,19,2341049,C,T,ENSG00000099840,0,0.0076816333
GCST009325,17,7452302,A,C,ENSG00000040633,0,0.007680285
GCST009325,6,27771022,G,A,ENSG00000189134,0,0.0076586884
GCST009325,8,22668467,T,C,ENSG00000104635,0,0.007651426
GCST009325,16,28933075,C,G,ENSG00000254206,0,0.0076479185
GCST009325,2,134681219,G,A,ENSG00000152127,0,0.0075925887
GCST009325,1,205754444,C,T,ENSG00000276600,0,0.0075892415
GCST009325,4,76276901,C,T,ENSG00000138744,0,0.0075804475
GCST009325,2,134707046,A,G,ENSG00000121988,0,0.0075176293
GCST009325,16,19266171,A,T,ENSG00000174628,0,0.0075175655
GCST009325,6,31878457,A,G,ENSG00000221988,0,0.007496934
GCST009325,19,2341049,C,T,ENSG00000079313,0,0.0074930536
GCST009325,2,134681219,G,A,ENSG00000176601,0,0.007486627
GCST009325,17,42588995,T,C,ENSG00000108771,0,0.0074055935
GCST009325,17,61840005,C,T,ENSG00000141376,0,0.0073934617
GCST009325,6,31878457,A,G,ENSG00000204308,0,0.0073782443
GCST009325,10,102255522,A,G,ENSG00000107882,0,0.00737794
GCST009325,6,27771022,G,A,ENSG00000158553,0,0.007358668
GCST009325,12,132487182,G,A,ENSG00000185163,0,0.007343032
GCST009325,7,23260430,A,C,ENSG00000196683,0,0.0073409188
GCST009325,6,30140906,C,T,ENSG00000204655,0,0.007340675
GCST009325,6,30140906,C,T,ENSG00000204568,0,0.007340675
GCST009325,6,32610995,C,A,ENSG00000204304,0,0.007322311
GCST009325,16,50702745,A,G,ENSG00000103449,0,0.0073196283
GCST009325,8,22668467,T,C,ENSG00000120889,0,0.007310027
GCST009325,17,44357262,A,G,ENSG00000180329,0,0.0073017376
GCST009325,6,32610995,C,A,ENSG00000204256,0,0.0072956425
GCST009325,6,31878457,A,G,ENSG00000204315,0,0.0072944863
GCST009325,5,134863415,C,A,ENSG00000119048,0,0.0072868452
GCST009325,19,2341049,C,T,ENSG00000176533,0,0.0072792987
GCST009325,6,31878457,A,G,ENSG00000204304,0,0.007272931
GCST009325,3,48711556,G,T,ENSG00000164051,0,0.007268422
GCST009325,16,30966478,G,A,ENSG00000177238,0,0.0072541228
GCST009325,10,119656173,G,A,ENSG00000183605,0,0.0072502224
GCST009325,17,42588995,T,C,ENSG00000187595,0,0.0072340067
GCST009325,16,30966478,G,A,ENSG00000176723,0,0.0072188145
GCST009325,3,48711556,G,T,ENSG00000164054,0,0.0072183223
GCST009325,20,3184040,T,C,ENSG00000132670,0,0.007193352
GCST009325,2,17966582,A,T,ENSG00000163032,0,0.007127969
GCST009325,2,17966582,A,T,ENSG00000214842,0,0.007127969
GCST009325,14,74906331,A,C,ENSG00000165898,0,0.0071089882
GCST009325,17,42588995,T,C,ENSG00000108774,0,0.007103037
GCST009325,11,10537230,A,G,ENSG00000110321,0,0.007099026
GCST009325,17,46789439,G,A,ENSG00000198336,0,0.0070963707
GCST009325,6,32610995,C,A,ENSG00000204310,0,0.0070839673
GCST009325,14,74906331,A,C,ENSG00000119655,0,0.007055873
GCST009325,17,78429399,A,T,ENSG00000183077,0,0.007049048
GCST009325,4,15735725,G,A,ENSG00000163145,0,0.00703234
GCST009325,8,22668467,T,C,ENSG00000173530,0,0.0070293867
GCST009325,3,48711556,G,T,ENSG00000213689,0,0.0070255604
GCST009325,17,61840005,C,T,ENSG00000121075,0,0.007013588
GCST009325,16,19266171,A,T,ENSG00000103540,0,0.006984822
GCST009325,17,45855941,T,C,ENSG00000225190,0,0.006982696
GCST009325,3,48711556,G,T,ENSG00000172113,0,0.0069768587
GCST009325,3,48711556,G,T,ENSG00000164050,0,0.0069712223
GCST009325,3,183042285,T,G,ENSG00000172578,0,0.006968664
GCST009325,2,134681219,G,A,ENSG00000121988,0,0.0069655627
GCST009325,4,76226816,A,G,ENSG00000138744,0,0.006961336
GCST009325,5,134863415,C,A,ENSG00000006837,0,0.006944285
GCST009325,4,931588,C,T,ENSG00000159692,0,0.006929159
GCST009325,16,30966478,G,A,ENSG00000169957,0,0.006920839
GCST009325,1,161499264,G,C,ENSG00000215845,0,0.0069056987
GCST009325,17,46111701,A,G,ENSG00000120088,0,0.0068986844
GCST009325,14,74906331,A,C,ENSG00000183379,0,0.006882633
GCST009325,16,19266171,A,T,ENSG00000103550,0,0.006856306
GCST009325,16,19266171,A,T,ENSG00000134419,0,0.006856306
GCST009325,16,19266171,A,T,ENSG00000170540,0,0.006856306
GCST009325,19,2341049,C,T,ENSG00000133243,0,0.0068159676
GCST009325,17,7452302,A,C,ENSG00000170296,0,0.006770383
GCST009325,4,931588,C,T,ENSG00000163945,0,0.0067678946
GCST009325,13,49353596,T,C,ENSG00000123179,0,0.0067557474
GCST009325,17,44357262,A,G,ENSG00000141349,0,0.006750445
GCST009325,17,45339907,G,T,ENSG00000161714,0,0.0067482423
GCST009325,17,45339907,G,T,ENSG00000181513,0,0.0067482423
GCST009325,17,45339907,G,A,ENSG00000167131,0,0.0067482423
GCST009325,17,45339907,G,A,ENSG00000184361,0,0.0067482423
GCST009325,17,45339907,G,A,ENSG00000159314,0,0.0067482423
GCST009325,17,45339907,G,A,ENSG00000186834,0,0.0067482423
GCST009325,17,45339907,G,T,ENSG00000006062,0,0.0067482423
GCST009325,17,45339907,G,T,ENSG00000131095,0,0.0067482423
GCST009325,17,45339907,G,T,ENSG00000120088,0,0.0067482423
GCST009325,17,45339907,G,T,ENSG00000184361,0,0.0067482423
GCST009325,17,45339907,G,A,ENSG00000186185,0,0.0067482423
GCST009325,17,45339907,G,T,ENSG00000184922,0,0.0067482423
GCST009325,17,45339907,G,A,ENSG00000131097,0,0.0067482423
GCST009325,17,45339907,G,A,ENSG00000131094,0,0.0067482423
GCST009325,17,45339907,G,T,ENSG00000131094,0,0.0067482423
GCST009325,17,45339907,G,A,ENSG00000120088,0,0.0067482423
GCST009325,17,45339907,G,A,ENSG00000161714,0,0.0067482423
GCST009325,17,45339907,G,T,ENSG00000108883,0,0.0067482423
GCST009325,17,45339907,G,A,ENSG00000225190,0,0.0067482423
GCST009325,17,45339907,G,T,ENSG00000131097,0,0.0067482423
GCST009325,17,45339907,G,T,ENSG00000214447,0,0.0067482423
GCST009325,17,45339907,G,T,ENSG00000225190,0,0.0067482423
GCST009325,17,45339907,G,A,ENSG00000168517,0,0.0067482423
GCST009325,17,45339907,G,A,ENSG00000214447,0,0.0067482423
GCST009325,17,45339907,G,T,ENSG00000136448,0,0.0067482423
GCST009325,17,45339907,G,A,ENSG00000108883,0,0.0067482423
GCST009325,17,45339907,G,T,ENSG00000172992,0,0.0067482423
GCST009325,17,45339907,G,A,ENSG00000263715,0,0.0067482423
GCST009325,17,45339907,G,T,ENSG00000167131,0,0.0067482423
GCST009325,17,45339907,G,A,ENSG00000131095,0,0.0067482423
GCST009325,17,45339907,G,T,ENSG00000186185,0,0.0067482423
GCST009325,17,45339907,G,A,ENSG00000136448,0,0.0067482423
GCST009325,17,45339907,G,A,ENSG00000172992,0,0.0067482423
GCST009325,17,45339907,G,A,ENSG00000006062,0,0.0067482423
GCST009325,17,45339907,G,A,ENSG00000184922,0,0.0067482423
GCST009325,17,45339907,G,T,ENSG00000159314,0,0.0067482423
GCST009325,17,45339907,G,T,ENSG00000186834,0,0.0067482423
GCST009325,17,45339907,G,T,ENSG00000168517,0,0.0067482423
GCST009325,17,45339907,G,A,ENSG00000181513,0,0.0067482423
GCST009325,17,45339907,G,T,ENSG00000263715,0,0.0067482423
GCST009325,17,7452302,A,C,ENSG00000174327,0,0.006744817
GCST009325,20,6025395,C,T,ENSG00000125772,0,0.006733257
GCST009325,17,45720942,G,A,ENSG00000256762,0,0.0067216265
GCST009325,1,161499264,G,C,ENSG00000143257,0,0.0067101307
GCST009325,17,7452302,A,C,ENSG00000170004,0,0.006685643
GCST009325,16,30966478,G,A,ENSG00000140691,0,0.006669626
GCST009325,17,45706862,T,C,ENSG00000256762,0,0.0066676927
GCST009325,17,44357262,A,G,ENSG00000161692,0,0.006643617
GCST009325,4,76276901,C,T,ENSG00000138768,0,0.006623328
GCST009325,5,134863415,C,A,ENSG00000237190,0,0.0065989057
GCST009325,19,2341049,C,T,ENSG00000172081,0,0.006598655
GCST009325,4,76276901,C,T,ENSG00000169245,0,0.0065976335
GCST009325,17,7452302,A,C,ENSG00000132535,0,0.0065892907
GCST009325,13,49353596,T,C,ENSG00000102753,0,0.0065890914
GCST009325,4,76276901,C,T,ENSG00000138755,0,0.0065634656
GCST009325,1,154925709,G,C,ENSG00000179085,0,0.00655772
GCST009325,1,154925709,G,C,ENSG00000160688,0,0.00655772
GCST009325,1,154925709,G,C,ENSG00000160714,0,0.00655772
GCST009325,1,154925709,G,C,ENSG00000143590,0,0.00655772
GCST009325,1,154925709,G,C,ENSG00000160710,0,0.00655772
GCST009325,1,154925709,G,C,ENSG00000243364,0,0.00655772
GCST009325,1,154925709,G,C,ENSG00000163354,0,0.00655772
GCST009325,1,154925709,G,C,ENSG00000163462,0,0.00655772
GCST009325,1,154925709,G,C,ENSG00000143537,0,0.00655772
GCST009325,1,154925709,G,C,ENSG00000143627,0,0.00655772
GCST009325,1,154925709,G,C,ENSG00000173207,0,0.00655772
GCST009325,1,154925709,G,C,ENSG00000173171,0,0.00655772
GCST009325,1,154925709,G,C,ENSG00000169291,0,0.00655772
GCST009325,1,154925709,G,C,ENSG00000160752,0,0.00655772
GCST009325,1,154925709,G,C,ENSG00000163344,0,0.00655772
GCST009325,1,154925709,G,C,ENSG00000169231,0,0.00655772
GCST009325,1,154925709,G,C,ENSG00000163348,0,0.00655772
GCST009325,1,154925709,G,C,ENSG00000116539,0,0.00655772
GCST009325,1,154925709,G,C,ENSG00000163352,0,0.00655772
GCST009325,1,154925709,G,C,ENSG00000169241,0,0.00655772
GCST009325,1,154925709,G,C,ENSG00000185499,0,0.00655772
GCST009325,1,154925709,G,C,ENSG00000176444,0,0.00655772
GCST009325,1,154925709,G,C,ENSG00000160685,0,0.00655772
GCST009325,1,154925709,G,C,ENSG00000116521,0,0.00655772
GCST009325,1,154925709,G,C,ENSG00000160712,0,0.00655772
GCST009325,1,154925709,G,C,ENSG00000163357,0,0.00655772
GCST009325,1,154925709,G,C,ENSG00000163463,0,0.00655772
GCST009325,1,154925709,G,C,ENSG00000163346,0,0.00655772
GCST009325,1,154925709,G,C,ENSG00000160753,0,0.00655772
GCST009325,1,154925709,G,C,ENSG00000177628,0,0.00655772
GCST009325,1,154925709,G,C,ENSG00000169242,0,0.00655772
GCST009325,1,154925709,G,C,ENSG00000143603,0,0.00655772
GCST009325,1,154925709,G,C,ENSG00000163239,0,0.00655772
GCST009325,1,154925709,G,C,ENSG00000160716,0,0.00655772
GCST009325,1,154925709,G,C,ENSG00000160767,0,0.00655772
GCST009325,1,154925709,G,C,ENSG00000143630,0,0.00655772
GCST009325,1,154925709,G,C,ENSG00000160691,0,0.00655772
GCST009325,4,931588,C,T,ENSG00000169020,0,0.0065532564
GCST009325,17,45666837,C,T,ENSG00000256762,0,0.006552735
GCST009325,17,45666837,C,T,ENSG00000006062,0,0.006552735
GCST009325,1,155235843,T,C,ENSG00000143603,0,0.0065454664
GCST009325,1,155235843,T,C,ENSG00000143627,0,0.0065454664
GCST009325,1,155235843,T,C,ENSG00000169242,0,0.0065454664
GCST009325,1,155235843,T,C,ENSG00000163354,0,0.0065454664
GCST009325,1,155235843,T,C,ENSG00000163346,0,0.0065454664
GCST009325,1,155235843,T,C,ENSG00000163348,0,0.0065454664
GCST009325,1,155235843,T,C,ENSG00000160685,0,0.0065454664
GCST009325,1,155162560,G,A,ENSG00000169242,0,0.0065454664
GCST009325,1,155235843,T,C,ENSG00000143590,0,0.0065454664
GCST009325,1,155162560,G,A,ENSG00000177628,0,0.0065454664
GCST009325,1,155162560,G,A,ENSG00000143603,0,0.0065454664
GCST009325,1,155235843,T,C,ENSG00000169231,0,0.0065454664
GCST009325,1,155235843,T,C,ENSG00000177628,0,0.0065454664
GCST009325,1,155235843,T,C,ENSG00000143537,0,0.0065454664
GCST009325,1,155235843,T,C,ENSG00000160691,0,0.0065454664
GCST009325,1,155235843,T,C,ENSG00000160688,0,0.0065454664
GCST009325,1,155235843,T,C,ENSG00000163344,0,0.0065454664
GCST009325,1,155162560,G,A,ENSG00000125459,0,0.0065454664
GCST009325,1,155162560,G,A,ENSG00000160752,0,0.0065454664
GCST009325,1,155162560,G,A,ENSG00000143630,0,0.0065454664
GCST009325,1,155162560,G,A,ENSG00000243364,0,0.0065454664
GCST009325,1,155162560,G,A,ENSG00000160685,0,0.0065454664
GCST009325,1,155162560,G,A,ENSG00000163352,0,0.0065454664
GCST009325,1,155162560,G,A,ENSG00000163344,0,0.0065454664
GCST009325,1,155162560,G,A,ENSG00000160767,0,0.0065454664
GCST009325,1,155162560,G,A,ENSG00000173207,0,0.0065454664
GCST009325,1,155235843,T,C,ENSG00000116539,0,0.0065454664
GCST009325,1,155162560,G,A,ENSG00000176444,0,0.0065454664
GCST009325,1,155162560,G,A,ENSG00000169241,0,0.0065454664
GCST009325,1,155235843,T,C,ENSG00000173171,0,0.0065454664
GCST009325,1,155235843,T,C,ENSG00000116521,0,0.0065454664
GCST009325,1,155235843,T,C,ENSG00000163357,0,0.0065454664
GCST009325,1,155235843,T,C,ENSG00000160753,0,0.0065454664
GCST009325,1,155235843,T,C,ENSG00000185499,0,0.0065454664
GCST009325,1,155162560,G,A,ENSG00000163346,0,0.0065454664
GCST009325,1,155235843,T,C,ENSG00000125459,0,0.0065454664
GCST009325,1,155162560,G,A,ENSG00000160691,0,0.0065454664
GCST009325,1,155235843,T,C,ENSG00000169241,0,0.0065454664
GCST009325,1,155162560,G,A,ENSG00000163354,0,0.0065454664
GCST009325,1,155162560,G,A,ENSG00000116521,0,0.0065454664
GCST009325,1,155162560,G,A,ENSG00000169231,0,0.0065454664
GCST009325,1,155235843,T,C,ENSG00000163352,0,0.0065454664
GCST009325,1,155162560,G,A,ENSG00000143537,0,0.0065454664
GCST009325,1,155162560,G,A,ENSG00000143590,0,0.0065454664
GCST009325,1,155162560,G,A,ENSG00000143627,0,0.0065454664
GCST009325,1,155162560,G,A,ENSG00000160753,0,0.0065454664
GCST009325,1,155162560,G,A,ENSG00000163463,0,0.0065454664
GCST009325,1,155162560,G,A,ENSG00000163357,0,0.0065454664
GCST009325,1,155235843,T,C,ENSG00000163463,0,0.0065454664
GCST009325,1,155162560,G,A,ENSG00000173171,0,0.0065454664
GCST009325,1,155235843,T,C,ENSG00000176444,0,0.0065454664
GCST009325,1,155235843,T,C,ENSG00000132676,0,0.0065454664
GCST009325,1,155162560,G,A,ENSG00000185499,0,0.0065454664
GCST009325,1,155235843,T,C,ENSG00000160752,0,0.0065454664
GCST009325,1,155235843,T,C,ENSG00000163462,0,0.0065454664
GCST009325,1,155162560,G,A,ENSG00000163348,0,0.0065454664
GCST009325,1,155235843,T,C,ENSG00000160767,0,0.0065454664
GCST009325,1,155235843,T,C,ENSG00000243364,0,0.0065454664
GCST009325,1,155162560,G,A,ENSG00000163462,0,0.0065454664
GCST009325,1,155162560,G,A,ENSG00000163374,0,0.0065454664
GCST009325,1,155162560,G,A,ENSG00000179085,0,0.0065454664
GCST009325,1,155235843,T,C,ENSG00000163374,0,0.0065454664
GCST009325,1,155162560,G,A,ENSG00000160688,0,0.0065454664
GCST009325,1,155235843,T,C,ENSG00000173207,0,0.0065454664
GCST009325,1,155162560,G,A,ENSG00000116539,0,0.0065454664
GCST009325,1,155235843,T,C,ENSG00000143630,0,0.0065454664
GCST009325,1,155235843,T,C,ENSG00000179085,0,0.0065454664
GCST009325,17,45666837,C,T,ENSG00000184922,0,0.00654017
GCST009325,17,45666837,C,T,ENSG00000184361,0,0.0065389364
GCST009325,4,958159,T,C,ENSG00000182903,0,0.0065320977
GCST009325,4,958159,T,C,ENSG00000215375,0,0.0065182154
GCST009325,12,132487182,G,A,ENSG00000198393,0,0.006511944
GCST009325,17,44216969,A,C,ENSG00000161653,0,0.0065086805
GCST009325,3,122478045,C,T,ENSG00000138463,0,0.0065057646
GCST009325,12,122842051,G,T,ENSG00000184445,0,0.006502951
GCST009325,17,44357262,A,G,ENSG00000108852,0,0.006492162
GCST009325,17,45666837,C,T,ENSG00000168517,0,0.006490609
GCST009325,8,11854934,A,C,ENSG00000154319,0,0.0064762747
GCST009325,6,31878457,A,G,ENSG00000204511,0,0.0064670676
GCST009325,1,156185069,G,A,ENSG00000132718,0,0.006459556
GCST009325,1,156185069,G,A,ENSG00000160785,0,0.006459556
GCST009325,1,156185069,G,A,ENSG00000160781,0,0.006459556
GCST009325,1,156185069,G,A,ENSG00000196189,0,0.006459556
GCST009325,1,156185069,G,A,ENSG00000163374,0,0.006459556
GCST009325,1,156185069,G,A,ENSG00000187862,0,0.006459556
GCST009325,1,156185069,G,A,ENSG00000163472,0,0.006459556
GCST009325,1,156185069,G,A,ENSG00000254726,0,0.006459556
GCST009325,1,156185069,G,A,ENSG00000132698,0,0.006459556
GCST009325,1,156185069,G,A,ENSG00000132702,0,0.006459556
GCST009325,1,156185069,G,A,ENSG00000160783,0,0.006459556
GCST009325,1,156185069,G,A,ENSG00000116584,0,0.006459556
GCST009325,1,156185069,G,A,ENSG00000160818,0,0.006459556
GCST009325,1,156185069,G,A,ENSG00000183856,0,0.006459556
GCST009325,1,156185069,G,A,ENSG00000160789,0,0.006459556
GCST009325,1,156185069,G,A,ENSG00000163382,0,0.006459556
GCST009325,1,156185069,G,A,ENSG00000143622,0,0.006459556
GCST009325,1,156185069,G,A,ENSG00000132677,0,0.006459556
GCST009325,1,156185069,G,A,ENSG00000198715,0,0.006459556
GCST009325,1,156185069,G,A,ENSG00000132688,0,0.006459556
GCST009325,1,156185069,G,A,ENSG00000260238,0,0.006459556
GCST009325,1,156185069,G,A,ENSG00000116586,0,0.006459556
GCST009325,1,156185069,G,A,ENSG00000160803,0,0.006459556
GCST009325,1,156185069,G,A,ENSG00000116604,0,0.006459556
GCST009325,1,156185069,G,A,ENSG00000163479,0,0.006459556
GCST009325,1,156185069,G,A,ENSG00000132680,0,0.006459556
GCST009325,1,156185069,G,A,ENSG00000132676,0,0.006459556
GCST009325,1,156185069,G,A,ENSG00000189030,0,0.006459556
GCST009325,1,156185069,G,A,ENSG00000116580,0,0.006459556
GCST009325,1,156185069,G,A,ENSG00000198952,0,0.006459556
GCST009325,1,156185069,G,A,ENSG00000242252,0,0.006459556
GCST009325,1,156185069,G,A,ENSG00000163468,0,0.006459556
GCST009325,1,156185069,G,A,ENSG00000132692,0,0.006459556
GCST009325,1,156185069,G,A,ENSG00000163467,0,0.006459556
GCST009325,1,156185069,G,A,ENSG00000173080,0,0.006459556
GCST009325,4,76189212,C,G,ENSG00000138771,0,0.006416671
GCST009325,2,95335195,A,T,ENSG00000144015,0,0.006413453
GCST009325,1,161499264,G,C,ENSG00000248485,0,0.0064096036
GCST009325,4,76226816,A,G,ENSG00000138768,0,0.0064093764
GCST009325,1,171750629,C,T,ENSG00000076258,0,0.006394665
GCST009325,17,44357262,A,G,ENSG00000108883,0,0.006383099
GCST009325,17,44216969,A,C,ENSG00000186566,0,0.006367365
GCST009325,8,22668467,T,C,ENSG00000008853,0,0.006359119
GCST009325,17,46789439,G,A,ENSG00000004897,0,0.0063504474
GCST009325,4,76276901,C,T,ENSG00000156194,0,0.006348781
GCST009325,19,2341049,C,T,ENSG00000227500,0,0.0063432544
GCST009325,17,45720942,G,A,ENSG00000184922,0,0.00632358
GCST009325,17,45706862,T,C,ENSG00000120071,0,0.0063227415
GCST009325,17,45720942,G,A,ENSG00000006062,0,0.0063227415
GCST009325,17,45706862,T,C,ENSG00000184922,0,0.0063227415
GCST009325,17,45706862,T,C,ENSG00000006062,0,0.0063227415
GCST009325,17,7452302,A,C,ENSG00000174326,0,0.0063051353
GCST009325,17,78429399,A,T,ENSG00000167895,0,0.0062986556
GCST009325,17,46111701,A,G,ENSG00000263715,0,0.006274021
GCST009325,4,76226816,A,G,ENSG00000156194,0,0.0062615834
GCST009325,17,42588995,T,C,ENSG00000131482,0,0.0062534204
GCST009325,17,42588995,T,C,ENSG00000173757,0,0.0062523065
GCST009325,20,3184040,T,C,ENSG00000132635,0,0.006251254
GCST009325,17,45855941,T,C,ENSG00000176681,0,0.0062493826
GCST009325,19,2341049,C,T,ENSG00000129968,0,0.006240641
GCST009325,6,31878457,A,G,ENSG00000204305,0,0.0062317257
GCST009325,6,31878457,A,G,ENSG00000204296,0,0.0062317257
GCST009325,6,31878457,A,G,ENSG00000213654,0,0.0062317257
GCST009325,20,3184040,T,C,ENSG00000088812,0,0.0062187077
GCST009325,1,205768611,G,A,ENSG00000276600,0,0.0062156375
GCST009325,17,42588995,T,C,ENSG00000068079,0,0.006207746
GCST009325,4,931588,C,T,ENSG00000133256,0,0.0062072896
GCST009325,20,3184040,T,C,ENSG00000149451,0,0.0061922446
GCST009325,14,54882151,C,T,ENSG00000100532,0,0.0061866627
GCST009325,1,205768611,G,A,ENSG00000263961,0,0.006169229
GCST009325,17,78429399,A,T,ENSG00000141524,0,0.0061503244
GCST009325,4,76189212,C,G,ENSG00000156194,0,0.006148553
GCST009325,19,2341049,C,T,ENSG00000172006,0,0.006140434
GCST009325,14,54882151,C,T,ENSG00000126775,0,0.0061377054
GCST009325,17,7452302,A,C,ENSG00000167874,0,0.0061352975
GCST009325,1,161499264,G,C,ENSG00000158793,0,0.00613421
GCST009325,1,205768611,G,A,ENSG00000198049,0,0.0060907
GCST009325,4,76189212,C,G,ENSG00000138768,0,0.0060883015
GCST009325,4,76189212,C,G,ENSG00000138757,0,0.0060852207
GCST009325,4,958159,T,C,ENSG00000169020,0,0.006080925
GCST009325,4,958159,T,C,ENSG00000169026,0,0.006080925
GCST009325,8,11854934,A,C,ENSG00000232948,0,0.0060667507
GCST009325,17,44216969,A,C,ENSG00000161647,0,0.006064899
GCST009325,14,54882151,C,T,ENSG00000178974,0,0.006064862
GCST009325,17,7452302,A,C,ENSG00000132510,0,0.0060508135
GCST009325,17,46723580,C,T,ENSG00000004897,0,0.006034898
GCST009325,16,30966478,G,A,ENSG00000156853,0,0.0060143163
GCST009325,12,122842051,G,T,ENSG00000139697,0,0.0060021733
GCST009325,17,44216969,A,C,ENSG00000108861,0,0.006001965
GCST009325,16,30966478,G,A,ENSG00000156885,0,0.005999218
GCST009325,19,2341049,C,T,ENSG00000141873,0,0.0059985584
GCST009325,3,48711556,G,T,ENSG00000232112,0,0.005994037
GCST009325,3,151391177,T,A,ENSG00000114771,0,0.0059937416
GCST009325,17,78429399,A,T,ENSG00000187997,0,0.0059523443
GCST009325,10,102255522,A,G,ENSG00000166272,0,0.005942745
GCST009325,17,7452302,A,C,ENSG00000183011,0,0.0059287976
GCST009325,16,30966478,G,A,ENSG00000169896,0,0.0059280563
GCST009325,4,958159,T,C,ENSG00000235608,0,0.0059255357
GCST009325,4,958159,T,C,ENSG00000273238,0,0.0059255357
GCST009325,4,958159,T,C,ENSG00000163945,0,0.0059255357
GCST009325,6,27771022,G,A,ENSG00000226314,0,0.005910052
GCST009325,17,44357262,A,G,ENSG00000131097,0,0.0059066713
GCST009325,17,7452302,A,C,ENSG00000170049,0,0.0059050173
GCST009325,17,7452302,A,C,ENSG00000141505,0,0.0058848974
GCST009325,17,7452302,A,C,ENSG00000108839,0,0.00587788
GCST009325,1,161499264,G,C,ENSG00000143224,0,0.0058774287
GCST009325,1,171750629,C,T,ENSG00000010932,0,0.0058656856
GCST009325,12,132487182,G,A,ENSG00000183495,0,0.005864474
GCST009325,16,30966478,G,A,ENSG00000169900,0,0.005856331
GCST009325,17,7452302,A,C,ENSG00000179859,0,0.005831733
GCST009325,17,7452302,A,C,ENSG00000161944,0,0.005831465
GCST009325,17,7452302,A,C,ENSG00000219200,0,0.005831465
GCST009325,17,78429399,A,T,ENSG00000108639,0,0.0058299503
GCST009325,17,7452302,A,C,ENSG00000258315,0,0.0058274358
GCST009325,17,7452302,A,C,ENSG00000161939,0,0.0058274358
GCST009325,17,7452302,A,C,ENSG00000132514,0,0.0058274358
GCST009325,1,205768611,G,A,ENSG00000133069,0,0.005824033
GCST009325,17,42588995,T,C,ENSG00000089558,0,0.005822617
GCST009325,16,30966478,G,A,ENSG00000169955,0,0.0058213174
GCST009325,17,44357262,A,G,ENSG00000161654,0,0.0058212234
GCST009325,6,32610995,C,A,ENSG00000168477,0,0.005816895
GCST009325,14,54882151,C,T,ENSG00000100526,0,0.0058067753
GCST009325,6,32610995,C,A,ENSG00000221988,0,0.0057764384
GCST009325,6,32610995,C,A,ENSG00000213676,0,0.0057764384
GCST009325,6,32610995,C,A,ENSG00000258388,0,0.0057764384
GCST009325,6,32610995,C,A,ENSG00000241404,0,0.0057764384
GCST009325,6,32610995,C,A,ENSG00000204308,0,0.0057764384
GCST009325,6,32610995,C,A,ENSG00000204305,0,0.0057764384
GCST009325,6,32610995,C,A,ENSG00000204315,0,0.0057764384
GCST009325,17,44357262,A,G,ENSG00000091947,0,0.0057747737
GCST009325,10,102255522,A,G,ENSG00000171206,0,0.0057700695
GCST009325,6,32610995,C,A,ENSG00000204301,0,0.005733282
GCST009325,17,7452302,A,C,ENSG00000161940,0,0.0057155215
GCST009325,17,7452302,A,C,ENSG00000170037,0,0.0057041813
GCST009325,17,7452302,A,C,ENSG00000170043,0,0.0057041813
GCST009325,4,931588,C,T,ENSG00000182903,0,0.0056976243
GCST009325,4,931588,C,T,ENSG00000235608,0,0.0056976243
GCST009325,4,931588,C,T,ENSG00000273238,0,0.0056976243
GCST009325,19,2341049,C,T,ENSG00000176490,0,0.005680868
GCST009325,7,23260430,A,C,ENSG00000188732,0,0.005628773
GCST009325,14,74906331,A,C,ENSG00000170348,0,0.0055969185
GCST009325,17,44216969,A,C,ENSG00000131096,0,0.005586525
GCST009325,1,161499264,G,C,ENSG00000081721,0,0.005576082
GCST009325,16,30966478,G,A,ENSG00000229809,0,0.0055547426
GCST009325,17,44357262,A,G,ENSG00000125319,0,0.0055532316
GCST009325,17,44357262,A,G,ENSG00000073670,0,0.005545413
GCST009325,20,3184040,T,C,ENSG00000088882,0,0.00553003
GCST009325,17,44216969,A,C,ENSG00000180336,0,0.0055285725
GCST009325,20,3184040,T,C,ENSG00000088881,0,0.0055024596
GCST009325,17,44216969,A,C,ENSG00000161649,0,0.0055015674
GCST009325,8,11854934,A,C,ENSG00000136573,0,0.0054992586
GCST009325,17,42588995,T,C,ENSG00000108773,0,0.00549807
GCST009325,10,102255522,A,G,ENSG00000107833,0,0.0054388135
GCST009325,10,102255522,A,G,ENSG00000107831,0,0.0054388135
GCST009325,20,3184040,T,C,ENSG00000125861,0,0.005414162
GCST009325,12,122842051,G,T,ENSG00000111011,0,0.0054066335
GCST009325,20,3184040,T,C,ENSG00000198326,0,0.005403409
GCST009325,8,11854934,A,C,ENSG00000215343,0,0.0053953654
GCST009325,17,42588995,T,C,ENSG00000161610,0,0.0053850655
GCST009325,12,122842051,G,T,ENSG00000130921,0,0.005381652
GCST009325,12,122842051,G,T,ENSG00000130779,0,0.005381652
GCST009325,12,122842051,G,T,ENSG00000033030,0,0.005381652
GCST009325,12,122842051,G,T,ENSG00000051825,0,0.005381652
GCST009325,12,122842051,G,T,ENSG00000111328,0,0.005381652
GCST009325,16,30966478,G,A,ENSG00000197162,0,0.0053632758
GCST009325,20,3184040,T,C,ENSG00000258713,0,0.0053607197
GCST009325,17,42588995,T,C,ENSG00000267060,0,0.0053371773
GCST009325,3,151391177,T,A,ENSG00000214237,0,0.0053258664
GCST009325,1,161499264,G,C,ENSG00000186517,0,0.0052279686
GCST009325,17,46723580,C,T,ENSG00000198336,0,0.005223296
GCST009325,7,23260430,A,C,ENSG00000196335,0,0.0052150544
GCST009325,17,42588995,T,C,ENSG00000131469,0,0.0051806266
GCST009325,19,2341049,C,T,ENSG00000129911,0,0.0050990223
GCST009325,17,42588995,T,C,ENSG00000012048,0,0.005069492
GCST009325,17,45855941,T,C,ENSG00000228696,0,0.005068523
GCST009325,19,2341049,C,T,ENSG00000172009,0,0.005026446
GCST009325,17,44216969,A,C,ENSG00000108852,0,0.0050028823
GCST009325,14,54882151,C,T,ENSG00000100528,0,0.0049427203
GCST009325,14,54882151,C,T,ENSG00000197045,0,0.0049427203
GCST009325,19,2341049,C,T,ENSG00000213638,0,0.0049382057
GCST009325,19,2341049,C,T,ENSG00000104969,0,0.0049382057
GCST009325,17,44357262,A,G,ENSG00000108849,0,0.0049253423
GCST009325,17,44357262,A,G,ENSG00000182963,0,0.0049253423
GCST009325,17,44357262,A,G,ENSG00000161653,0,0.0049253423
GCST009325,17,44357262,A,G,ENSG00000131096,0,0.0049253423
GCST009325,19,2341049,C,T,ENSG00000133275,0,0.0049010064
GCST009325,1,205754444,C,T,ENSG00000196550,0,0.0048922
GCST009325,17,42588995,T,C,ENSG00000260325,0,0.0048853178
GCST009325,17,44357262,A,G,ENSG00000180336,0,0.0048668794
GCST009325,17,42588995,T,C,ENSG00000108828,0,0.004839867
GCST009325,17,42588995,T,C,ENSG00000167925,0,0.004839867
GCST009325,17,42588995,T,C,ENSG00000108830,0,0.004839867
GCST009325,1,205754444,C,T,ENSG00000133069,0,0.00482435
GCST009325,3,48711556,G,T,ENSG00000164053,0,0.0048238514
GCST009325,17,42588995,T,C,ENSG00000108825,0,0.0048194584
GCST009325,17,42588995,T,C,ENSG00000198863,0,0.0048194584
GCST009325,19,2341049,C,T,ENSG00000099875,0,0.00480485
GCST009325,17,44216969,A,C,ENSG00000108849,0,0.0047778245
GCST009325,17,44216969,A,C,ENSG00000180340,0,0.0047429507
GCST009325,7,23260430,A,C,ENSG00000169193,0,0.00472613
GCST009325,1,161499264,G,C,ENSG00000118217,0,0.004725356
GCST009325,17,44216969,A,C,ENSG00000231256,0,0.004721261
GCST009325,17,44216969,A,C,ENSG00000167941,0,0.004715757
GCST009325,17,44216969,A,C,ENSG00000180329,0,0.004715757
GCST009325,17,44216969,A,C,ENSG00000161692,0,0.00471243
GCST009325,1,205768611,G,A,ENSG00000186007,0,0.0046885577
GCST009325,1,205768611,G,A,ENSG00000281406,0,0.0046885577
GCST009325,17,78429399,A,T,ENSG00000078687,0,0.004677978
GCST009325,17,78429399,A,T,ENSG00000178404,0,0.004677978
GCST009325,8,11854934,A,C,ENSG00000223443,0,0.0046608667
GCST009325,8,11854934,A,C,ENSG00000186523,0,0.0046608667
GCST009325,8,11854934,A,C,ENSG00000226430,0,0.0046457318
GCST009325,1,205754444,C,T,ENSG00000196188,0,0.0045207087
GCST009325,8,22668467,T,C,ENSG00000168495,0,0.0044708983
GCST009325,1,205768611,G,A,ENSG00000162873,0,0.004416967
GCST009325,8,22668467,T,C,ENSG00000173535,0,0.0043742093
GCST009325,8,22668467,T,C,ENSG00000197181,0,0.0043392926
GCST009325,3,122478045,C,T,ENSG00000145103,0,0.0042829053
GCST009325,3,122478045,C,T,ENSG00000114013,0,0.0042829053
GCST009325,1,161499264,G,C,ENSG00000158859,0,0.0040990766
GCST009325,1,161499264,G,C,ENSG00000158869,0,0.0040990766
GCST009325,1,161499264,G,C,ENSG00000143222,0,0.0040990766
GCST009325,1,161499264,G,C,ENSG00000158796,0,0.0040990766
GCST009325,1,161499264,G,C,ENSG00000143258,0,0.0040990766
GCST009325,1,161499264,G,C,ENSG00000143256,0,0.0040990766
GCST009325,1,161499264,G,C,ENSG00000158874,0,0.0040990766
GCST009325,1,161499264,G,C,ENSG00000158882,0,0.0040990766
GCST009325,1,161499264,G,C,ENSG00000158850,0,0.0040990766
GCST009325,1,161499264,G,C,ENSG00000158864,0,0.0040990766
GCST009325,1,161499264,G,C,ENSG00000162755,0,0.0040230644
GCST009325,1,161499264,G,C,ENSG00000143217,0,0.0040230644
GCST009325,1,161499264,G,C,ENSG00000158773,0,0.003984478
GCST009325,1,161499264,G,C,ENSG00000158769,0,0.003984478
GCST009325,1,161499264,G,C,ENSG00000162745,0,0.003984478
GCST009325,1,205754444,C,T,ENSG00000163545,0,0.003930315
GCST009325,1,205754444,C,T,ENSG00000186007,0,0.003930315
GCST009325,1,205754444,C,T,ENSG00000263961,0,0.003930315
GCST009325,1,205754444,C,T,ENSG00000198049,0,0.003930315
GCST009325,1,205754444,C,T,ENSG00000162873,0,0.003930315
GCST009325,1,205754444,C,T,ENSG00000281406,0,0.003930315
GCST009325,1,205768611,G,A,ENSG00000266028,0,0.0038195762
GCST009325,1,205768611,G,A,ENSG00000163545,0,0.0038195762
GCST009325,1,205768611,G,A,ENSG00000196550,0,0.0037778425
GCST009325,1,205754444,C,T,ENSG00000266028,0,0.0037511077
